panel,curve,x_m,value
T,theta=1e-4 s,2.8625,298.1799
T,theta=1e-4 s,2.8875,298.1799
T,theta=1e-4 s,2.9250,298.1799
T,theta=1e-4 s,2.9375,298.1344
T,theta=1e-4 s,2.9500,298.1344
T,theta=1e-4 s,2.9625,298.1344
T,theta=1e-4 s,2.9750,298.1344
T,theta=1e-4 s,2.9875,298.1344
T,theta=1e-4 s,3.0000,298.1344
T,theta=1e-4 s,3.0125,298.1344
T,theta=1e-4 s,3.0250,298.1344
T,theta=1e-4 s,3.0375,298.1344
T,theta=1e-4 s,3.0500,298.1344
T,theta=1e-4 s,3.0625,298.1572
T,theta=1e-4 s,3.3125,298.1344
T,theta=1e-4 s,3.3250,298.1344
T,theta=1e-4 s,3.3375,298.1572
T,theta=1e-4 s,3.3500,298.1344
T,theta=1e-4 s,3.3625,298.1344
T,theta=1e-4 s,3.3750,298.1344
T,theta=1e-4 s,3.3875,298.1344
T,theta=1e-4 s,3.4000,298.1344
T,theta=1e-4 s,3.4125,298.1344
T,theta=1e-4 s,3.4250,298.1344
T,theta=1e-4 s,3.4375,298.1344
T,theta=1e-4 s,3.4500,298.1116
T,theta=1e-4 s,3.4625,298.1344
T,theta=1e-4 s,3.4750,298.1116
T,theta=1e-4 s,3.4875,298.1116
T,theta=1e-4 s,3.5000,298.1116
T,theta=1e-4 s,3.5125,298.1116
T,theta=1e-4 s,3.5250,298.1116
T,theta=1e-4 s,3.7500,297.7247
T,theta=1e-4 s,3.7625,297.7019
T,theta=1e-4 s,3.7750,297.6564
T,theta=1e-4 s,3.7875,297.5881
T,theta=1e-4 s,3.8000,297.5426
T,theta=1e-4 s,3.8125,297.4970
T,theta=1e-4 s,3.8250,297.4515
T,theta=1e-4 s,3.8375,297.3605
T,theta=1e-4 s,3.8500,297.3149
T,theta=1e-4 s,3.8625,297.2467
T,theta=1e-4 s,3.8750,297.1784
T,theta=1e-4 s,3.8875,297.1101
T,theta=1e-4 s,3.9875,296.2451
T,theta=1e-4 s,4.0000,296.2223
T,theta=1e-4 s,4.0125,296.0858
T,theta=1e-4 s,4.0250,295.9492
T,theta=1e-4 s,4.0375,295.8354
T,theta=1e-4 s,4.0500,295.6988
T,theta=1e-4 s,4.0625,295.6078
T,theta=1e-4 s,4.0750,295.5622
T,theta=1e-4 s,4.1375,294.6062
T,theta=1e-4 s,4.1500,294.6062
T,theta=1e-4 s,4.1625,294.3786
T,theta=1e-4 s,4.1750,294.2420
T,theta=1e-4 s,4.1875,294.1282
T,theta=1e-4 s,4.2625,292.9673
T,theta=1e-4 s,4.2750,292.8763
T,theta=1e-4 s,4.2875,292.7169
T,theta=1e-4 s,4.3000,292.5348
T,theta=1e-4 s,4.3125,292.3527
T,theta=1e-4 s,4.3250,292.2617
T,theta=1e-4 s,4.3750,291.3512
T,theta=1e-4 s,4.3875,291.2601
T,theta=1e-4 s,4.4000,291.1236
T,theta=1e-4 s,4.4125,290.9415
T,theta=1e-4 s,4.4250,290.8049
T,theta=1e-4 s,4.4375,290.6683
T,theta=1e-4 s,4.4500,290.5773
T,theta=1e-4 s,4.5000,289.6668
T,theta=1e-4 s,4.5125,289.5757
T,theta=1e-4 s,4.5250,289.4164
T,theta=1e-4 s,4.5375,289.2798
T,theta=1e-4 s,4.5500,289.1205
T,theta=1e-4 s,4.5625,289.0066
T,theta=1e-4 s,4.6375,288.0051
T,theta=1e-4 s,4.6500,287.8913
T,theta=1e-4 s,4.6625,287.7547
T,theta=1e-4 s,4.6750,287.6181
T,theta=1e-4 s,4.6875,287.4816
T,theta=1e-4 s,4.7000,287.3905
T,theta=1e-4 s,4.7125,287.3222
T,theta=1e-4 s,4.8000,286.4573
T,theta=1e-4 s,4.8125,286.4117
T,theta=1e-4 s,4.8250,286.3207
T,theta=1e-4 s,4.8375,286.2524
T,theta=1e-4 s,4.8500,286.1613
T,theta=1e-4 s,4.8625,286.0931
T,theta=1e-4 s,4.8750,286.0248
T,theta=1e-4 s,4.8875,285.9792
T,theta=1e-4 s,4.9000,285.9110
T,theta=1e-4 s,4.9125,285.8427
T,theta=1e-4 s,4.9250,285.8199
T,theta=1e-4 s,5.1500,285.4557
T,theta=1e-4 s,5.1625,285.4557
T,theta=1e-4 s,5.1750,285.4557
T,theta=1e-4 s,5.1875,285.4329
T,theta=1e-4 s,5.2000,285.4329
T,theta=1e-4 s,5.2125,285.4329
T,theta=1e-4 s,5.2250,285.4329
T,theta=1e-4 s,5.2375,285.4329
T,theta=1e-4 s,5.2500,285.4329
T,theta=1e-4 s,5.2625,285.4329
T,theta=1e-4 s,5.2750,285.4329
T,theta=1e-4 s,5.2875,285.4329
T,theta=1e-4 s,5.3000,285.4329
T,theta=1e-4 s,5.3125,285.4329
T,theta=1e-4 s,5.3250,285.4102
T,theta=1e-4 s,5.3375,285.4329
T,theta=1e-4 s,5.3500,285.4102
T,theta=1e-4 s,5.3625,285.4329
T,theta=1e-4 s,5.6250,285.4329
T,theta=1e-4 s,5.6375,285.4329
T,theta=1e-4 s,5.6500,285.4329
T,theta=1e-4 s,5.6625,285.4329
T,theta=1e-4 s,5.6750,285.4329
T,theta=1e-4 s,5.6875,285.4329
T,theta=1e-4 s,5.8375,285.4329
T,theta=1e-4 s,6.3000,285.4329
T,theta=1e-4 s,6.7750,285.4329
T,theta=1e-4 s,7.2375,285.4557
T,theta=1e-4 s,7.2500,285.4329
T,theta=1e-4 s,7.7125,285.4329
T,theta=1e-4 s,8.0000,285.4785
T,theta=1e-4 s,8.0375,285.4785
T,theta=1e-4 s,8.0625,285.4557
T,theta=1e-4 s,8.0750,285.4329
T,theta=1e-4 s,8.0875,285.4329
T,theta=1e-4 s,8.1000,285.4557
T,theta=1e-4 s,8.1125,285.4329
T,theta=1e-4 s,8.1250,285.4329
T,theta=1e-4 s,8.1375,285.4329
T,theta=1e-4 s,8.1500,285.4329
T,theta=1e-4 s,8.1625,285.4329
T,theta=1e-4 s,8.1750,285.4329
T,theta=1e-4 s,8.1875,285.4329
T,theta=1e-4 s,8.4375,285.4329
T,theta=1e-4 s,8.4500,285.4102
T,theta=1e-4 s,8.4625,285.4329
T,theta=1e-4 s,8.4750,285.4102
T,theta=1e-4 s,8.4875,285.4329
T,theta=1e-4 s,8.5000,285.4329
T,theta=1e-4 s,8.5125,285.4102
T,theta=1e-4 s,8.5250,285.4329
T,theta=1e-4 s,8.5375,285.4329
T,theta=1e-4 s,8.5500,285.4329
T,theta=1e-4 s,8.5625,285.4329
T,theta=1e-4 s,8.5750,285.4329
T,theta=1e-4 s,8.5875,285.4102
T,theta=1e-4 s,8.6000,285.4102
T,theta=1e-4 s,8.6125,285.4102
T,theta=1e-4 s,8.6250,285.4102
T,theta=1e-4 s,8.6375,285.4102
T,theta=1e-4 s,8.6500,285.3874
T,theta=1e-4 s,8.7625,284.5907
T,theta=1e-4 s,8.7750,284.4314
T,theta=1e-4 s,8.7875,284.1127
T,theta=1e-4 s,8.8000,283.9534
T,theta=1e-4 s,8.8125,282.7470
T,theta=1e-4 s,8.8250,282.4966
T,theta=1e-4 s,8.8375,280.8577
T,theta=1e-4 s,8.8500,280.5390
T,theta=1e-4 s,8.8625,279.1505
T,theta=1e-4 s,8.8750,277.3523
T,theta=1e-4 s,8.8875,275.6906
T,theta=1e-4 s,8.9000,275.4630
T,theta=1e-4 s,8.9125,274.1428
T,theta=1e-4 s,8.9250,273.8469
T,theta=1e-4 s,8.9375,273.6420
T,theta=0.001 s,2.4000,298.1799
T,theta=0.001 s,2.4125,298.1799
T,theta=0.001 s,2.4250,298.1344
T,theta=0.001 s,2.4375,298.1344
T,theta=0.001 s,2.4500,298.1572
T,theta=0.001 s,2.4625,298.1572
T,theta=0.001 s,2.4750,298.1572
T,theta=0.001 s,2.4875,298.1344
T,theta=0.001 s,2.5000,298.1344
T,theta=0.001 s,2.5125,298.1572
T,theta=0.001 s,2.5250,298.1572
T,theta=0.001 s,2.5375,298.1344
T,theta=0.001 s,2.5500,298.1344
T,theta=0.001 s,2.5625,298.1344
T,theta=0.001 s,2.5750,298.1572
T,theta=0.001 s,2.5875,298.1572
T,theta=0.001 s,2.7000,298.1344
T,theta=0.001 s,2.7125,298.1344
T,theta=0.001 s,2.7250,298.1116
T,theta=0.001 s,2.8375,298.1116
T,theta=0.001 s,2.8500,298.1116
T,theta=0.001 s,2.8625,298.1116
T,theta=0.001 s,2.8750,298.1116
T,theta=0.001 s,2.8875,298.0889
T,theta=0.001 s,2.9000,298.0889
T,theta=0.001 s,2.9125,298.0889
T,theta=0.001 s,2.9250,298.0889
T,theta=0.001 s,2.9375,298.0661
T,theta=0.001 s,2.9500,298.0661
T,theta=0.001 s,2.9625,298.0661
T,theta=0.001 s,2.9750,298.0661
T,theta=0.001 s,2.9875,298.0661
T,theta=0.001 s,3.0000,298.0433
T,theta=0.001 s,3.0125,298.0433
T,theta=0.001 s,3.0250,298.0433
T,theta=0.001 s,3.0375,298.0206
T,theta=0.001 s,3.0500,298.0206
T,theta=0.001 s,3.0625,298.0206
T,theta=0.001 s,3.1625,297.9295
T,theta=0.001 s,3.1750,297.9295
T,theta=0.001 s,3.1875,297.9068
T,theta=0.001 s,3.2000,297.9068
T,theta=0.001 s,3.3000,297.7930
T,theta=0.001 s,3.3125,297.7474
T,theta=0.001 s,3.3250,297.7474
T,theta=0.001 s,3.3375,297.7019
T,theta=0.001 s,3.3500,297.7019
T,theta=0.001 s,3.3625,297.6791
T,theta=0.001 s,3.3750,297.6564
T,theta=0.001 s,3.3875,297.6564
T,theta=0.001 s,3.4000,297.6109
T,theta=0.001 s,3.4125,297.6109
T,theta=0.001 s,3.4250,297.5653
T,theta=0.001 s,3.4375,297.5653
T,theta=0.001 s,3.4500,297.5198
T,theta=0.001 s,3.4625,297.4970
T,theta=0.001 s,3.4750,297.4743
T,theta=0.001 s,3.4875,297.4288
T,theta=0.001 s,3.5000,297.4515
T,theta=0.001 s,3.5875,297.2011
T,theta=0.001 s,3.6000,297.1556
T,theta=0.001 s,3.6125,297.1328
T,theta=0.001 s,3.6875,296.8597
T,theta=0.001 s,3.7000,296.8369
T,theta=0.001 s,3.7125,296.7914
T,theta=0.001 s,3.7250,296.7459
T,theta=0.001 s,3.7375,296.7004
T,theta=0.001 s,3.7500,296.6548
T,theta=0.001 s,3.7625,296.5865
T,theta=0.001 s,3.7750,296.5410
T,theta=0.001 s,3.7875,296.4955
T,theta=0.001 s,3.8000,296.4500
T,theta=0.001 s,3.8125,296.4044
T,theta=0.001 s,3.8250,296.3589
T,theta=0.001 s,3.8375,296.2906
T,theta=0.001 s,3.9000,295.9492
T,theta=0.001 s,3.9125,295.9037
T,theta=0.001 s,3.9250,295.8809
T,theta=0.001 s,3.9750,295.5395
T,theta=0.001 s,3.9875,295.4939
T,theta=0.001 s,4.0000,295.4257
T,theta=0.001 s,4.0125,295.3574
T,theta=0.001 s,4.0250,295.2663
T,theta=0.001 s,4.0375,295.1980
T,theta=0.001 s,4.0500,295.1070
T,theta=0.001 s,4.0625,295.0159
T,theta=0.001 s,4.0750,294.9249
T,theta=0.001 s,4.0875,294.8566
T,theta=0.001 s,4.1375,294.4469
T,theta=0.001 s,4.1500,294.4241
T,theta=0.001 s,4.1625,294.4013
T,theta=0.001 s,4.2000,294.0144
T,theta=0.001 s,4.2125,293.9461
T,theta=0.001 s,4.2250,293.8323
T,theta=0.001 s,4.2375,293.7868
T,theta=0.001 s,4.2500,293.5364
T,theta=0.001 s,4.2625,293.4681
T,theta=0.001 s,4.2750,293.4226
T,theta=0.001 s,4.2875,293.3315
T,theta=0.001 s,4.3250,292.8990
T,theta=0.001 s,4.3375,292.8763
T,theta=0.001 s,4.3500,292.8307
T,theta=0.001 s,4.3875,292.3983
T,theta=0.001 s,4.4000,292.3300
T,theta=0.001 s,4.4125,292.2389
T,theta=0.001 s,4.4250,292.1023
T,theta=0.001 s,4.4375,291.9658
T,theta=0.001 s,4.4500,291.8520
T,theta=0.001 s,4.4625,291.7837
T,theta=0.001 s,4.4750,291.7154
T,theta=0.001 s,4.5000,291.3057
T,theta=0.001 s,4.5125,291.2829
T,theta=0.001 s,4.5250,291.2374
T,theta=0.001 s,4.5500,290.8504
T,theta=0.001 s,4.5625,290.7821
T,theta=0.001 s,4.5750,290.6911
T,theta=0.001 s,4.5875,290.5773
T,theta=0.001 s,4.6000,290.4407
T,theta=0.001 s,4.6125,290.3496
T,theta=0.001 s,4.6250,290.2131
T,theta=0.001 s,4.6375,290.1675
T,theta=0.001 s,4.6750,289.7123
T,theta=0.001 s,4.6875,289.6895
T,theta=0.001 s,4.7250,289.2570
T,theta=0.001 s,4.7375,289.1887
T,theta=0.001 s,4.7500,289.0977
T,theta=0.001 s,4.7625,288.9839
T,theta=0.001 s,4.7750,288.8928
T,theta=0.001 s,4.7875,288.7790
T,theta=0.001 s,4.8000,288.6880
T,theta=0.001 s,4.8125,288.5969
T,theta=0.001 s,4.8250,288.5286
T,theta=0.001 s,4.8625,288.1417
T,theta=0.001 s,4.8750,288.1189
T,theta=0.001 s,4.8875,288.0734
T,theta=0.001 s,4.9250,287.6864
T,theta=0.001 s,4.9375,287.6409
T,theta=0.001 s,4.9500,287.5498
T,theta=0.001 s,4.9625,287.4588
T,theta=0.001 s,4.9750,287.3905
T,theta=0.001 s,4.9875,287.2995
T,theta=0.001 s,5.0000,287.2312
T,theta=0.001 s,5.0125,287.1629
T,theta=0.001 s,5.0250,287.0718
T,theta=0.001 s,5.0375,287.0491
T,theta=0.001 s,5.1000,286.6621
T,theta=0.001 s,5.1125,286.6166
T,theta=0.001 s,5.1250,286.6166
T,theta=0.001 s,5.1875,286.2752
T,theta=0.001 s,5.2000,286.2524
T,theta=0.001 s,5.2125,286.2069
T,theta=0.001 s,5.2250,286.1841
T,theta=0.001 s,5.2375,286.1386
T,theta=0.001 s,5.2500,286.0931
T,theta=0.001 s,5.2625,286.0475
T,theta=0.001 s,5.2750,286.0248
T,theta=0.001 s,5.2875,286.0020
T,theta=0.001 s,5.3000,285.9565
T,theta=0.001 s,5.3125,285.9110
T,theta=0.001 s,5.3250,285.9110
T,theta=0.001 s,5.3375,285.8654
T,theta=0.001 s,5.3500,285.8654
T,theta=0.001 s,5.3625,285.8199
T,theta=0.001 s,5.4625,285.6606
T,theta=0.001 s,5.4750,285.6378
T,theta=0.001 s,5.4875,285.6378
T,theta=0.001 s,5.5000,285.6606
T,theta=0.001 s,5.6000,285.5468
T,theta=0.001 s,5.6125,285.5240
T,theta=0.001 s,5.6250,285.5240
T,theta=0.001 s,5.6375,285.5012
T,theta=0.001 s,5.6500,285.5012
T,theta=0.001 s,5.6625,285.5012
T,theta=0.001 s,5.6750,285.5012
T,theta=0.001 s,5.6875,285.5012
T,theta=0.001 s,5.7000,285.4785
T,theta=0.001 s,5.7125,285.4785
T,theta=0.001 s,5.7250,285.4785
T,theta=0.001 s,5.7375,285.4785
T,theta=0.001 s,5.7500,285.4785
T,theta=0.001 s,5.7625,285.4557
T,theta=0.001 s,5.7750,285.4557
T,theta=0.001 s,5.7875,285.4557
T,theta=0.001 s,5.8000,285.4557
T,theta=0.001 s,5.8125,285.4557
T,theta=0.001 s,5.9250,285.4329
T,theta=0.001 s,5.9375,285.4557
T,theta=0.001 s,5.9500,285.4329
T,theta=0.001 s,6.0625,285.4329
T,theta=0.001 s,6.0750,285.4329
T,theta=0.001 s,6.0875,285.4329
T,theta=0.001 s,6.1000,285.4329
T,theta=0.001 s,6.1125,285.4102
T,theta=0.001 s,6.1250,285.4329
T,theta=0.001 s,6.1375,285.4329
T,theta=0.001 s,6.1500,285.4102
T,theta=0.001 s,6.1625,285.4329
T,theta=0.001 s,6.1750,285.4102
T,theta=0.001 s,6.1875,285.4329
T,theta=0.001 s,6.2000,285.4329
T,theta=0.001 s,6.2125,285.4102
T,theta=0.001 s,6.2250,285.4329
T,theta=0.001 s,6.2375,285.4102
T,theta=0.001 s,6.2500,285.4329
T,theta=0.001 s,6.2625,285.4329
T,theta=0.001 s,6.2750,285.4102
T,theta=0.001 s,6.2875,285.4102
T,theta=0.001 s,6.4000,285.4329
T,theta=0.001 s,6.4125,285.4102
T,theta=0.001 s,6.4250,285.4329
T,theta=0.001 s,6.5375,285.4329
T,theta=0.001 s,6.5500,285.4329
T,theta=0.001 s,6.5625,285.4102
T,theta=0.001 s,6.5750,285.4329
T,theta=0.001 s,6.5875,285.4102
T,theta=0.001 s,6.6000,285.4329
T,theta=0.001 s,6.6125,285.4329
T,theta=0.001 s,6.6250,285.4102
T,theta=0.001 s,6.6375,285.4329
T,theta=0.001 s,6.6500,285.4102
T,theta=0.001 s,6.6625,285.4329
T,theta=0.001 s,6.6750,285.4329
T,theta=0.001 s,6.6875,285.4102
T,theta=0.001 s,6.7000,285.4102
T,theta=0.001 s,6.7125,285.4329
T,theta=0.001 s,6.7250,285.4329
T,theta=0.001 s,6.7375,285.4329
T,theta=0.001 s,6.7500,285.4329
T,theta=0.001 s,6.8625,285.4329
T,theta=0.001 s,6.8750,285.4329
T,theta=0.001 s,6.8875,285.4329
T,theta=0.001 s,6.9000,285.4329
T,theta=0.001 s,7.0250,285.4329
T,theta=0.001 s,7.0375,285.3874
T,theta=0.001 s,7.0750,285.4329
T,theta=0.001 s,7.0875,285.4329
T,theta=0.001 s,7.1000,285.4102
T,theta=0.001 s,7.1125,285.4329
T,theta=0.001 s,7.1250,285.4329
T,theta=0.001 s,7.1375,285.4329
T,theta=0.001 s,7.1500,285.4329
T,theta=0.001 s,7.1625,285.4329
T,theta=0.001 s,7.1750,285.4102
T,theta=0.001 s,7.1875,285.4329
T,theta=0.001 s,7.2000,285.4329
T,theta=0.001 s,7.2125,285.4102
T,theta=0.001 s,7.2250,285.4329
T,theta=0.001 s,7.3375,285.4102
T,theta=0.001 s,7.3500,285.4102
T,theta=0.001 s,7.3625,285.4329
T,theta=0.001 s,7.4750,285.4102
T,theta=0.001 s,7.4875,285.4329
T,theta=0.001 s,7.5000,285.4329
T,theta=0.001 s,7.5125,285.4102
T,theta=0.001 s,7.5250,285.4329
T,theta=0.001 s,7.5375,285.4329
T,theta=0.001 s,7.5500,285.4329
T,theta=0.001 s,7.5625,285.4329
T,theta=0.001 s,7.5750,285.4329
T,theta=0.001 s,7.5875,285.4102
T,theta=0.001 s,7.6000,285.4329
T,theta=0.001 s,7.6125,285.4329
T,theta=0.001 s,7.6250,285.4102
T,theta=0.001 s,7.6375,285.4329
T,theta=0.001 s,7.6500,285.4102
T,theta=0.001 s,7.6625,285.4329
T,theta=0.001 s,7.6750,285.4329
T,theta=0.001 s,7.6875,285.4102
T,theta=0.001 s,7.8000,285.4329
T,theta=0.001 s,7.8125,285.4329
T,theta=0.001 s,7.8250,285.4102
T,theta=0.001 s,7.8375,285.4102
T,theta=0.001 s,7.9500,285.4102
T,theta=0.001 s,7.9625,285.4102
T,theta=0.001 s,7.9750,285.4102
T,theta=0.001 s,7.9875,285.3874
T,theta=0.001 s,8.0000,285.3874
T,theta=0.001 s,8.0125,285.3874
T,theta=0.001 s,8.0250,285.3874
T,theta=0.001 s,8.0375,285.3874
T,theta=0.001 s,8.0500,285.3874
T,theta=0.001 s,8.0625,285.3647
T,theta=0.001 s,8.0750,285.3647
T,theta=0.001 s,8.0875,285.3647
T,theta=0.001 s,8.1000,285.3647
T,theta=0.001 s,8.1125,285.3419
T,theta=0.001 s,8.1250,285.3419
T,theta=0.001 s,8.1375,285.3419
T,theta=0.001 s,8.1500,285.3191
T,theta=0.001 s,8.1625,285.3191
T,theta=0.001 s,8.2625,285.2053
T,theta=0.001 s,8.2750,285.2053
T,theta=0.001 s,8.2875,285.1826
T,theta=0.001 s,8.3000,285.1598
T,theta=0.001 s,8.3875,284.9549
T,theta=0.001 s,8.4000,284.9549
T,theta=0.001 s,8.4125,284.9094
T,theta=0.001 s,8.4250,284.8639
T,theta=0.001 s,8.4375,284.8184
T,theta=0.001 s,8.4500,284.7728
T,theta=0.001 s,8.4625,284.7273
T,theta=0.001 s,8.4750,284.6818
T,theta=0.001 s,8.4875,284.6135
T,theta=0.001 s,8.5000,284.5680
T,theta=0.001 s,8.5125,284.4997
T,theta=0.001 s,8.5250,284.4314
T,theta=0.001 s,8.5375,284.4086
T,theta=0.001 s,8.5875,283.9989
T,theta=0.001 s,8.6000,283.9761
T,theta=0.001 s,8.6375,283.5437
T,theta=0.001 s,8.6500,283.4754
T,theta=0.001 s,8.6625,283.3388
T,theta=0.001 s,8.6750,283.1795
T,theta=0.001 s,8.6875,283.0429
T,theta=0.001 s,8.7000,282.9063
T,theta=0.001 s,8.7125,282.8153
T,theta=0.001 s,8.7250,282.3828
T,theta=0.001 s,8.7375,282.3600
T,theta=0.001 s,8.7625,281.7909
T,theta=0.001 s,8.7750,281.6544
T,theta=0.001 s,8.7875,281.3812
T,theta=0.001 s,8.8000,281.2219
T,theta=0.001 s,8.8125,280.6528
T,theta=0.001 s,8.8250,280.6756
T,theta=0.001 s,8.8375,280.0838
T,theta=0.001 s,8.8500,279.8561
T,theta=0.001 s,8.8625,279.5830
T,theta=0.001 s,8.8750,278.9684
T,theta=0.001 s,8.8875,278.4904
T,theta=0.001 s,8.9000,277.8758
T,theta=0.001 s,8.9125,277.2385
T,theta=0.001 s,8.9250,276.7377
T,theta=0.001 s,8.9375,276.4190
T,theta=0.001 s,8.9500,276.0776
T,theta=0.001 s,8.9625,275.0533
T,theta=0.001 s,8.9750,274.7346
T,theta=0.001 s,8.9875,274.4387
T,theta=0.001 s,9.0000,273.8696
T,theta=0.001 s,9.0125,273.8241
T,theta=0.001 s,9.0250,273.3916
T,theta=0.001 s,9.0375,273.3461
T,theta=0.001 s,9.0500,273.2778
T,theta=0.001 s,9.0625,273.2095
T,theta=0.001 s,9.0750,273.1640
T,theta=0.001 s,9.0875,273.1640
T,theta=0.001 s,9.1000,273.1412
T,theta=0.005 s,2.3125,298.1799
T,theta=0.005 s,2.3875,298.1344
T,theta=0.005 s,2.4000,298.1116
T,theta=0.005 s,2.4125,298.0889
T,theta=0.005 s,2.4250,298.0661
T,theta=0.005 s,2.4375,298.0661
T,theta=0.005 s,2.4500,298.0206
T,theta=0.005 s,2.4625,298.0206
T,theta=0.005 s,2.4750,297.9751
T,theta=0.005 s,2.4875,297.9523
T,theta=0.005 s,2.5000,297.9295
T,theta=0.005 s,2.5125,297.8840
T,theta=0.005 s,2.5250,297.8385
T,theta=0.005 s,2.5375,297.8385
T,theta=0.005 s,2.5500,297.7930
T,theta=0.005 s,2.6125,297.6336
T,theta=0.005 s,2.6250,297.6109
T,theta=0.005 s,2.6375,297.6109
T,theta=0.005 s,2.7000,297.4970
T,theta=0.005 s,2.7125,297.4743
T,theta=0.005 s,2.7250,297.4515
T,theta=0.005 s,2.7875,297.3149
T,theta=0.005 s,2.8000,297.3377
T,theta=0.005 s,2.8125,297.3149
T,theta=0.005 s,2.8250,297.2922
T,theta=0.005 s,2.8375,297.2694
T,theta=0.005 s,2.8500,297.2467
T,theta=0.005 s,2.8625,297.2239
T,theta=0.005 s,2.8750,297.2011
T,theta=0.005 s,2.8875,297.2011
T,theta=0.005 s,2.9000,297.1784
T,theta=0.005 s,2.9125,297.1556
T,theta=0.005 s,2.9250,297.6564
T,theta=0.005 s,2.9375,297.1101
T,theta=0.005 s,2.9500,297.0873
T,theta=0.005 s,2.9625,297.0646
T,theta=0.005 s,2.9750,297.0646
T,theta=0.005 s,3.0500,296.9280
T,theta=0.005 s,3.0625,297.5426
T,theta=0.005 s,3.1250,296.7686
T,theta=0.005 s,3.1375,296.7686
T,theta=0.005 s,3.1500,296.7459
T,theta=0.005 s,3.2250,296.6093
T,theta=0.005 s,3.2375,296.5865
T,theta=0.005 s,3.2500,296.5638
T,theta=0.005 s,3.2625,296.5410
T,theta=0.005 s,3.2750,296.5183
T,theta=0.005 s,3.2875,296.4955
T,theta=0.005 s,3.3000,296.4727
T,theta=0.005 s,3.3125,296.4500
T,theta=0.005 s,3.3250,296.4500
T,theta=0.005 s,3.3375,296.4044
T,theta=0.005 s,3.3500,296.3589
T,theta=0.005 s,3.3625,296.3589
T,theta=0.005 s,3.3750,297.2011
T,theta=0.005 s,3.3875,296.3134
T,theta=0.005 s,3.4250,298.0889
T,theta=0.005 s,3.4375,298.0889
T,theta=0.005 s,3.4625,296.1085
T,theta=0.005 s,3.4750,296.0858
T,theta=0.005 s,3.5375,295.9492
T,theta=0.005 s,3.5500,295.9264
T,theta=0.005 s,3.5625,295.9037
T,theta=0.005 s,3.6125,295.7216
T,theta=0.005 s,3.6250,295.7216
T,theta=0.005 s,3.6375,295.6988
T,theta=0.005 s,3.6500,295.6533
T,theta=0.005 s,3.6625,295.6078
T,theta=0.005 s,3.6750,295.6078
T,theta=0.005 s,3.6875,295.5622
T,theta=0.005 s,3.7000,295.5167
T,theta=0.005 s,3.7125,295.4712
T,theta=0.005 s,3.7250,295.4712
T,theta=0.005 s,3.7375,295.4257
T,theta=0.005 s,3.7500,295.3801
T,theta=0.005 s,3.7625,295.3346
T,theta=0.005 s,3.7750,295.3346
T,theta=0.005 s,3.7875,295.3118
T,theta=0.005 s,3.8375,295.1297
T,theta=0.005 s,3.8500,295.1070
T,theta=0.005 s,3.8625,295.0842
T,theta=0.005 s,3.9125,294.8794
T,theta=0.005 s,3.9250,294.8794
T,theta=0.005 s,3.9375,294.8566
T,theta=0.005 s,3.9875,294.6517
T,theta=0.005 s,4.0000,294.6290
T,theta=0.005 s,4.0125,294.5607
T,theta=0.005 s,4.0250,294.5379
T,theta=0.005 s,4.0375,294.4924
T,theta=0.005 s,4.0500,294.4469
T,theta=0.005 s,4.0625,294.4241
T,theta=0.005 s,4.0750,294.3786
T,theta=0.005 s,4.0875,294.3331
T,theta=0.005 s,4.1000,294.2875
T,theta=0.005 s,4.1125,294.2420
T,theta=0.005 s,4.1250,294.1965
T,theta=0.005 s,4.1375,294.3558
T,theta=0.005 s,4.1750,293.9461
T,theta=0.005 s,4.1875,293.9461
T,theta=0.005 s,4.2000,293.9233
T,theta=0.005 s,4.2125,293.7640
T,theta=0.005 s,4.2250,293.6274
T,theta=0.005 s,4.2500,293.7185
T,theta=0.005 s,4.2625,293.6957
T,theta=0.005 s,4.2750,293.6729
T,theta=0.005 s,4.3500,293.3087
T,theta=0.005 s,4.3625,293.2632
T,theta=0.005 s,4.3750,293.2177
T,theta=0.005 s,4.3875,293.1949
T,theta=0.005 s,4.4000,293.1494
T,theta=0.005 s,4.4125,293.0811
T,theta=0.005 s,4.4250,293.0356
T,theta=0.005 s,4.4375,292.9901
T,theta=0.005 s,4.4500,292.9218
T,theta=0.005 s,4.5000,291.1691
T,theta=0.005 s,4.5125,292.6486
T,theta=0.005 s,4.5250,292.6714
T,theta=0.005 s,4.5625,292.4438
T,theta=0.005 s,4.5750,292.3983
T,theta=0.005 s,4.5875,292.3983
T,theta=0.005 s,4.6250,292.1706
T,theta=0.005 s,4.6375,292.1479
T,theta=0.005 s,4.6500,292.1251
T,theta=0.005 s,4.6750,291.9430
T,theta=0.005 s,4.6875,291.9202
T,theta=0.005 s,4.7000,291.8747
T,theta=0.005 s,4.7125,291.8064
T,theta=0.005 s,4.7250,291.7609
T,theta=0.005 s,4.7375,291.6926
T,theta=0.005 s,4.7500,291.6699
T,theta=0.005 s,4.8000,291.3967
T,theta=0.005 s,4.8125,291.3739
T,theta=0.005 s,4.8250,291.3512
T,theta=0.005 s,4.8625,291.1236
T,theta=0.005 s,4.8750,291.1008
T,theta=0.005 s,4.8875,291.0780
T,theta=0.005 s,4.9250,290.8504
T,theta=0.005 s,4.9375,290.8276
T,theta=0.005 s,4.9500,290.7821
T,theta=0.005 s,4.9625,290.7138
T,theta=0.005 s,4.9750,290.6683
T,theta=0.005 s,4.9875,290.6000
T,theta=0.005 s,5.0000,290.5545
T,theta=0.005 s,5.0125,290.5090
T,theta=0.005 s,5.0250,290.4407
T,theta=0.005 s,5.0375,290.3952
T,theta=0.005 s,5.0500,290.3269
T,theta=0.005 s,5.0625,290.3041
T,theta=0.005 s,5.1000,290.0765
T,theta=0.005 s,5.1125,290.0537
T,theta=0.005 s,5.1250,290.0310
T,theta=0.005 s,5.1750,289.7806
T,theta=0.005 s,5.1875,289.7578
T,theta=0.005 s,5.2375,289.5302
T,theta=0.005 s,5.2500,289.4847
T,theta=0.005 s,5.2625,289.4391
T,theta=0.005 s,5.2750,289.3936
T,theta=0.005 s,5.2875,289.3253
T,theta=0.005 s,5.3000,289.2798
T,theta=0.005 s,5.3125,289.2343
T,theta=0.005 s,5.3250,289.1660
T,theta=0.005 s,5.3375,289.1432
T,theta=0.005 s,5.3500,289.0749
T,theta=0.005 s,5.3625,289.0522
T,theta=0.005 s,5.3750,289.0294
T,theta=0.005 s,5.4250,288.7790
T,theta=0.005 s,5.4375,288.7790
T,theta=0.005 s,5.4875,288.5286
T,theta=0.005 s,5.5000,288.5286
T,theta=0.005 s,5.5125,288.5059
T,theta=0.005 s,5.5625,288.3010
T,theta=0.005 s,5.5750,288.2782
T,theta=0.005 s,5.5875,288.2327
T,theta=0.005 s,5.6000,288.1872
T,theta=0.005 s,5.6125,288.1417
T,theta=0.005 s,5.6250,288.0961
T,theta=0.005 s,5.6375,288.0506
T,theta=0.005 s,5.6500,288.0051
T,theta=0.005 s,5.6625,287.9596
T,theta=0.005 s,5.6750,287.9596
T,theta=0.005 s,5.6875,287.9140
T,theta=0.005 s,5.7000,287.8685
T,theta=0.005 s,5.7125,287.8230
T,theta=0.005 s,5.7375,285.3874
T,theta=0.005 s,5.7750,287.6409
T,theta=0.005 s,5.7875,287.5954
T,theta=0.005 s,5.8500,287.4133
T,theta=0.005 s,5.8625,287.4133
T,theta=0.005 s,5.9250,287.2084
T,theta=0.005 s,5.9375,287.2084
T,theta=0.005 s,5.9500,287.1857
T,theta=0.005 s,5.9625,287.1401
T,theta=0.005 s,5.9750,287.1174
T,theta=0.005 s,5.9875,287.0946
T,theta=0.005 s,6.0000,287.0491
T,theta=0.005 s,6.0125,287.0263
T,theta=0.005 s,6.0250,287.0036
T,theta=0.005 s,6.0375,286.9580
T,theta=0.005 s,6.0500,286.9580
T,theta=0.005 s,6.0625,286.9125
T,theta=0.005 s,6.0750,286.8897
T,theta=0.005 s,6.0875,286.8670
T,theta=0.005 s,6.1000,286.8442
T,theta=0.005 s,6.1625,286.7076
T,theta=0.005 s,6.1750,286.6849
T,theta=0.005 s,6.2500,286.5483
T,theta=0.005 s,6.2625,286.5255
T,theta=0.005 s,6.2750,286.5255
T,theta=0.005 s,6.3375,286.4117
T,theta=0.005 s,6.3500,286.3890
T,theta=0.005 s,6.3625,286.3662
T,theta=0.005 s,6.3750,286.3662
T,theta=0.005 s,6.3875,286.3434
T,theta=0.005 s,6.4000,286.3207
T,theta=0.005 s,6.4125,286.2979
T,theta=0.005 s,6.4250,286.2979
T,theta=0.005 s,6.4375,286.2752
T,theta=0.005 s,6.4500,286.2524
T,theta=0.005 s,6.4625,286.2296
T,theta=0.005 s,6.4750,286.2296
T,theta=0.005 s,6.4875,286.2069
T,theta=0.005 s,6.5000,286.1841
T,theta=0.005 s,6.5125,286.1841
T,theta=0.005 s,6.5250,286.1613
T,theta=0.005 s,6.6000,286.0703
T,theta=0.005 s,6.6125,286.0703
T,theta=0.005 s,6.6250,286.0703
T,theta=0.005 s,6.6875,285.9792
T,theta=0.005 s,6.7000,285.9792
T,theta=0.005 s,6.7125,285.9565
T,theta=0.005 s,6.8250,285.7971
T,theta=0.005 s,6.8375,285.8199
T,theta=0.005 s,6.8500,285.7971
T,theta=0.005 s,6.8625,285.7744
T,theta=0.005 s,6.8750,285.7744
T,theta=0.005 s,6.8875,285.7516
T,theta=0.005 s,6.9000,285.7289
T,theta=0.005 s,6.9125,285.7061
T,theta=0.005 s,6.9250,285.6833
T,theta=0.005 s,6.9375,285.6606
T,theta=0.005 s,6.9500,285.6378
T,theta=0.005 s,6.9625,285.6150
T,theta=0.005 s,7.0375,285.4557
T,theta=0.005 s,7.0500,285.4557
T,theta=0.005 s,7.0625,285.4329
T,theta=0.005 s,7.1250,285.2964
T,theta=0.005 s,7.1375,285.2736
T,theta=0.005 s,7.2125,285.1370
T,theta=0.005 s,7.2250,285.1143
T,theta=0.005 s,7.2375,285.0915
T,theta=0.005 s,7.2500,285.0687
T,theta=0.005 s,7.2625,285.0460
T,theta=0.005 s,7.2750,285.0460
T,theta=0.005 s,7.2875,285.0232
T,theta=0.005 s,7.3000,285.0005
T,theta=0.005 s,7.3125,284.9777
T,theta=0.005 s,7.3250,284.9777
T,theta=0.005 s,7.3375,284.9549
T,theta=0.005 s,7.3500,284.9322
T,theta=0.005 s,7.3625,284.9322
T,theta=0.005 s,7.3750,284.9094
T,theta=0.005 s,7.3875,284.8866
T,theta=0.005 s,7.4000,284.8866
T,theta=0.005 s,7.4625,284.7956
T,theta=0.005 s,7.4750,284.7728
T,theta=0.005 s,7.4875,284.7728
T,theta=0.005 s,7.5625,284.6590
T,theta=0.005 s,7.5750,284.6363
T,theta=0.005 s,7.6500,284.5224
T,theta=0.005 s,7.6625,284.4997
T,theta=0.005 s,7.6750,284.4769
T,theta=0.005 s,7.6875,284.4542
T,theta=0.005 s,7.7000,284.4314
T,theta=0.005 s,7.7125,284.4086
T,theta=0.005 s,7.7250,284.3859
T,theta=0.005 s,7.7375,284.3631
T,theta=0.005 s,7.7500,284.3176
T,theta=0.005 s,7.7625,284.3176
T,theta=0.005 s,7.7750,284.2721
T,theta=0.005 s,7.7875,284.2493
T,theta=0.005 s,7.8000,284.2265
T,theta=0.005 s,7.8125,284.2038
T,theta=0.005 s,7.8250,284.1810
T,theta=0.005 s,7.8875,284.0217
T,theta=0.005 s,7.9000,283.9989
T,theta=0.005 s,7.9625,283.7940
T,theta=0.005 s,7.9750,283.7940
T,theta=0.005 s,7.9875,283.7940
T,theta=0.005 s,8.0500,283.5892
T,theta=0.005 s,8.0625,283.5437
T,theta=0.005 s,8.0750,283.4981
T,theta=0.005 s,8.0875,283.4526
T,theta=0.005 s,8.1000,283.4298
T,theta=0.005 s,8.1125,283.3616
T,theta=0.005 s,8.1250,283.3160
T,theta=0.005 s,8.1375,283.2705
T,theta=0.005 s,8.1500,283.2250
T,theta=0.005 s,8.1625,283.1795
T,theta=0.005 s,8.1750,283.1339
T,theta=0.005 s,8.1875,283.1112
T,theta=0.005 s,8.2375,282.8835
T,theta=0.005 s,8.2500,282.8608
T,theta=0.005 s,8.2625,282.8380
T,theta=0.005 s,8.3000,282.6104
T,theta=0.005 s,8.3125,282.5876
T,theta=0.005 s,8.3250,282.5649
T,theta=0.005 s,8.3625,282.3372
T,theta=0.005 s,8.3750,282.2917
T,theta=0.005 s,8.3875,282.2234
T,theta=0.005 s,8.4000,282.1551
T,theta=0.005 s,8.4125,282.0869
T,theta=0.005 s,8.4250,282.0186
T,theta=0.005 s,8.4375,281.9730
T,theta=0.005 s,8.4500,281.9048
T,theta=0.005 s,8.4625,281.8365
T,theta=0.005 s,8.4750,281.7682
T,theta=0.005 s,8.5125,281.5178
T,theta=0.005 s,8.5250,281.4723
T,theta=0.005 s,8.5625,281.1991
T,theta=0.005 s,8.5750,281.1764
T,theta=0.005 s,8.6125,280.8577
T,theta=0.005 s,8.6250,280.7894
T,theta=0.005 s,8.6375,280.7211
T,theta=0.005 s,8.6500,280.6301
T,theta=0.005 s,8.6625,280.5390
T,theta=0.005 s,8.6750,280.4480
T,theta=0.005 s,8.6875,280.3342
T,theta=0.005 s,8.7000,280.2659
T,theta=0.005 s,8.7250,279.9700
T,theta=0.005 s,8.7375,279.9700
T,theta=0.005 s,8.7500,279.9244
T,theta=0.005 s,8.7625,279.6513
T,theta=0.005 s,8.7750,279.6285
T,theta=0.005 s,8.8000,281.7682
T,theta=0.005 s,8.8125,279.2871
T,theta=0.005 s,8.8250,279.1960
T,theta=0.005 s,8.8375,279.1050
T,theta=0.005 s,8.8500,278.9456
T,theta=0.005 s,8.8625,278.7180
T,theta=0.005 s,8.8750,278.6953
T,theta=0.005 s,8.9000,278.3538
T,theta=0.005 s,8.9250,278.0124
T,theta=0.005 s,8.9500,277.6482
T,theta=0.005 s,9.0125,274.6435
T,theta=0.005 s,9.3000,273.1867
T,theta=0.005 s,9.3625,273.1867
T,theta=0.005 s,9.7750,273.1867
T,theta=0.005 s,9.8250,273.1867
T,theta=0.005 s,9.8375,273.1867
T,theta=0.005 s,10.2375,273.1867
T,theta=0.005 s,10.2500,273.1867
T,theta=0.005 s,10.3000,273.1867
T,theta=0.005 s,10.6625,273.1867
T,theta=0.005 s,10.7125,273.1867
T,theta=0.005 s,10.7250,273.1867
T,theta=0.005 s,10.7750,273.1412
T,theta=0.005 s,11.1375,273.1867
T,theta=0.005 s,11.1875,273.1867
T,theta=0.005 s,11.2500,273.1867
T,theta=0.005 s,11.6625,273.1867
T,theta=0.005 s,11.7125,273.1867
T,theta=0.01 s,0.4000,298.1572
T,theta=0.01 s,0.4625,298.1344
T,theta=0.01 s,0.8750,298.1572
T,theta=0.01 s,0.9250,298.1344
T,theta=0.01 s,0.9375,298.1344
T,theta=0.01 s,1.3375,298.1572
T,theta=0.01 s,1.3500,298.1572
T,theta=0.01 s,1.4000,298.1344
T,theta=0.01 s,1.8125,298.1572
T,theta=0.01 s,1.8750,298.1344
T,theta=0.01 s,2.2875,298.1572
T,theta=0.01 s,2.3000,298.1799
T,theta=0.01 s,2.3375,298.1344
T,theta=0.01 s,2.3500,298.1116
T,theta=0.01 s,2.3625,298.1116
T,theta=0.01 s,2.3750,298.0661
T,theta=0.01 s,2.3875,298.0661
T,theta=0.01 s,2.4000,298.0206
T,theta=0.01 s,2.4125,297.9751
T,theta=0.01 s,2.4250,297.9295
T,theta=0.01 s,2.4375,297.8840
T,theta=0.01 s,2.4500,297.8157
T,theta=0.01 s,2.4625,297.7702
T,theta=0.01 s,2.4750,297.6791
T,theta=0.01 s,2.4875,297.6336
T,theta=0.01 s,2.5000,297.5426
T,theta=0.01 s,2.5125,297.4970
T,theta=0.01 s,2.5250,297.4288
T,theta=0.01 s,2.5375,297.3605
T,theta=0.01 s,2.5500,297.3149
T,theta=0.01 s,2.5625,297.2467
T,theta=0.01 s,2.5750,297.2011
T,theta=0.01 s,2.5875,297.1556
T,theta=0.01 s,2.6000,297.1101
T,theta=0.01 s,2.6125,297.0646
T,theta=0.01 s,2.6250,297.0190
T,theta=0.01 s,2.6375,296.9735
T,theta=0.01 s,2.6500,296.9280
T,theta=0.01 s,2.6625,296.8825
T,theta=0.01 s,2.6750,296.8369
T,theta=0.01 s,2.6875,296.7914
T,theta=0.01 s,2.7000,296.7914
T,theta=0.01 s,2.7125,296.7459
T,theta=0.01 s,2.7250,296.7004
T,theta=0.01 s,2.7375,296.6548
T,theta=0.01 s,2.7500,296.6548
T,theta=0.01 s,2.7625,296.6093
T,theta=0.01 s,2.7750,296.5638
T,theta=0.01 s,2.7875,296.5638
T,theta=0.01 s,2.8000,296.5183
T,theta=0.01 s,2.8125,296.4727
T,theta=0.01 s,2.8250,296.4727
T,theta=0.01 s,2.8375,296.4272
T,theta=0.01 s,2.8500,296.3817
T,theta=0.01 s,2.8625,296.3817
T,theta=0.01 s,2.8750,296.3362
T,theta=0.01 s,2.8875,296.3362
T,theta=0.01 s,2.9000,296.2906
T,theta=0.01 s,2.9125,296.2679
T,theta=0.01 s,2.9250,296.2451
T,theta=0.01 s,2.9375,296.1996
T,theta=0.01 s,2.9500,296.1996
T,theta=0.01 s,2.9625,296.1541
T,theta=0.01 s,2.9750,296.1541
T,theta=0.01 s,2.9875,296.1085
T,theta=0.01 s,3.0000,296.1085
T,theta=0.01 s,3.0125,296.0630
T,theta=0.01 s,3.0250,296.0630
T,theta=0.01 s,3.0375,296.0175
T,theta=0.01 s,3.0500,296.0175
T,theta=0.01 s,3.0625,295.9720
T,theta=0.01 s,3.0750,295.9720
T,theta=0.01 s,3.0875,295.9264
T,theta=0.01 s,3.1000,295.9264
T,theta=0.01 s,3.1125,295.8809
T,theta=0.01 s,3.1250,295.8809
T,theta=0.01 s,3.1375,295.8354
T,theta=0.01 s,3.1500,295.8354
T,theta=0.01 s,3.1625,295.7899
T,theta=0.01 s,3.1750,295.7899
T,theta=0.01 s,3.1875,295.7443
T,theta=0.01 s,3.2000,295.7443
T,theta=0.01 s,3.2125,295.6988
T,theta=0.01 s,3.2250,295.6988
T,theta=0.01 s,3.2375,295.6533
T,theta=0.01 s,3.2500,295.6533
T,theta=0.01 s,3.2625,295.6078
T,theta=0.01 s,3.2750,295.6078
T,theta=0.01 s,3.2875,295.5850
T,theta=0.01 s,3.3000,295.5622
T,theta=0.01 s,3.3125,295.5395
T,theta=0.01 s,3.3250,295.5167
T,theta=0.01 s,3.3375,295.4939
T,theta=0.01 s,3.3500,295.4712
T,theta=0.01 s,3.3625,295.4712
T,theta=0.01 s,3.3750,295.4257
T,theta=0.01 s,3.3875,295.4257
T,theta=0.01 s,3.4000,295.3801
T,theta=0.01 s,3.4125,295.3801
T,theta=0.01 s,3.4250,295.3346
T,theta=0.01 s,3.4375,295.3346
T,theta=0.01 s,3.4500,295.2891
T,theta=0.01 s,3.4625,295.2891
T,theta=0.01 s,3.4750,295.2436
T,theta=0.01 s,3.4875,295.2436
T,theta=0.01 s,3.5000,295.1980
T,theta=0.01 s,3.5125,295.1980
T,theta=0.01 s,3.5250,295.1525
T,theta=0.01 s,3.5375,295.1525
T,theta=0.01 s,3.5500,295.1070
T,theta=0.01 s,3.5625,295.1070
T,theta=0.01 s,3.5750,295.0615
T,theta=0.01 s,3.5875,295.0615
T,theta=0.01 s,3.6000,295.0159
T,theta=0.01 s,3.6125,294.9932
T,theta=0.01 s,3.6250,294.9704
T,theta=0.01 s,3.6375,294.9476
T,theta=0.01 s,3.6500,294.9249
T,theta=0.01 s,3.6625,294.8794
T,theta=0.01 s,3.6750,294.8794
T,theta=0.01 s,3.6875,294.8338
T,theta=0.01 s,3.7000,294.8338
T,theta=0.01 s,3.7125,294.7883
T,theta=0.01 s,3.7250,294.7883
T,theta=0.01 s,3.7375,294.7428
T,theta=0.01 s,3.7500,294.7428
T,theta=0.01 s,3.7625,294.6973
T,theta=0.01 s,3.7750,294.6745
T,theta=0.01 s,3.7875,294.6517
T,theta=0.01 s,3.8000,294.6062
T,theta=0.01 s,3.8125,294.6062
T,theta=0.01 s,3.8250,294.5607
T,theta=0.01 s,3.8375,294.5607
T,theta=0.01 s,3.8500,294.5152
T,theta=0.01 s,3.8625,294.4924
T,theta=0.01 s,3.8750,294.4696
T,theta=0.01 s,3.8875,294.4241
T,theta=0.01 s,3.9000,294.4241
T,theta=0.01 s,3.9125,294.3786
T,theta=0.01 s,3.9250,294.3786
T,theta=0.01 s,3.9375,294.3331
T,theta=0.01 s,3.9500,294.2875
T,theta=0.01 s,3.9625,294.2875
T,theta=0.01 s,3.9750,294.2420
T,theta=0.01 s,3.9875,294.2420
T,theta=0.01 s,4.0000,294.1965
T,theta=0.01 s,4.0125,294.1510
T,theta=0.01 s,4.0250,294.1510
T,theta=0.01 s,4.0375,294.1054
T,theta=0.01 s,4.0500,294.1054
T,theta=0.01 s,4.0625,294.0599
T,theta=0.01 s,4.0750,294.0144
T,theta=0.01 s,4.0875,294.0144
T,theta=0.01 s,4.1000,293.9689
T,theta=0.01 s,4.1125,293.9233
T,theta=0.01 s,4.1250,293.9233
T,theta=0.01 s,4.1375,293.8778
T,theta=0.01 s,4.1500,293.8550
T,theta=0.01 s,4.1625,293.8323
T,theta=0.01 s,4.1750,293.7868
T,theta=0.01 s,4.1875,293.7868
T,theta=0.01 s,4.2000,293.7412
T,theta=0.01 s,4.2125,293.6957
T,theta=0.01 s,4.2250,293.6957
T,theta=0.01 s,4.2375,293.6502
T,theta=0.01 s,4.2500,293.6274
T,theta=0.01 s,4.2625,293.6047
T,theta=0.01 s,4.2750,293.5591
T,theta=0.01 s,4.2875,293.5136
T,theta=0.01 s,4.3000,293.5136
T,theta=0.01 s,4.3125,293.4681
T,theta=0.01 s,4.3250,293.4453
T,theta=0.01 s,4.3375,293.3998
T,theta=0.01 s,4.3500,293.3770
T,theta=0.01 s,4.3625,293.3315
T,theta=0.01 s,4.3750,293.3087
T,theta=0.01 s,4.3875,293.2860
T,theta=0.01 s,4.4000,293.2405
T,theta=0.01 s,4.4125,293.2405
T,theta=0.01 s,4.4250,293.1949
T,theta=0.01 s,4.4375,293.1494
T,theta=0.01 s,4.4500,293.1494
T,theta=0.01 s,4.4625,293.1039
T,theta=0.01 s,4.4750,293.0584
T,theta=0.01 s,4.4875,293.0584
T,theta=0.01 s,4.5000,293.0128
T,theta=0.01 s,4.5125,292.9673
T,theta=0.01 s,4.5250,292.9673
T,theta=0.01 s,4.5375,292.9218
T,theta=0.01 s,4.5500,292.8763
T,theta=0.01 s,4.5625,292.8307
T,theta=0.01 s,4.5750,292.8307
T,theta=0.01 s,4.5875,292.7852
T,theta=0.01 s,4.6000,292.7397
T,theta=0.01 s,4.6125,292.7397
T,theta=0.01 s,4.6250,292.6942
T,theta=0.01 s,4.6375,292.6486
T,theta=0.01 s,4.6500,292.6031
T,theta=0.01 s,4.6625,292.6031
T,theta=0.01 s,4.6750,292.5576
T,theta=0.01 s,4.6875,292.5121
T,theta=0.01 s,4.7000,292.5121
T,theta=0.01 s,4.7125,292.4665
T,theta=0.01 s,4.7250,292.4210
T,theta=0.01 s,4.7375,292.3755
T,theta=0.01 s,4.7500,292.3755
T,theta=0.01 s,4.7625,292.3300
T,theta=0.01 s,4.7750,292.2844
T,theta=0.01 s,4.7875,292.2844
T,theta=0.01 s,4.8000,292.2389
T,theta=0.01 s,4.8125,292.1934
T,theta=0.01 s,4.8250,292.1479
T,theta=0.01 s,4.8375,292.1479
T,theta=0.01 s,4.8500,292.1023
T,theta=0.01 s,4.8625,292.0796
T,theta=0.01 s,4.8875,292.0341
T,theta=0.01 s,4.9125,291.8975
T,theta=0.01 s,4.9250,291.8747
T,theta=0.01 s,4.9375,291.8747
T,theta=0.01 s,4.9500,291.8292
T,theta=0.01 s,4.9625,291.7837
T,theta=0.01 s,4.9750,291.7837
T,theta=0.01 s,4.9875,291.7381
T,theta=0.01 s,5.0000,291.6926
T,theta=0.01 s,5.0125,291.6471
T,theta=0.01 s,5.0250,291.6243
T,theta=0.01 s,5.0750,291.5105
T,theta=0.01 s,5.0875,291.4422
T,theta=0.01 s,5.1000,291.4195
T,theta=0.01 s,5.1125,291.3739
T,theta=0.01 s,5.1250,291.3739
T,theta=0.01 s,5.1375,291.3284
T,theta=0.01 s,5.1500,291.2829
T,theta=0.01 s,5.1625,291.2374
T,theta=0.01 s,5.1750,291.2374
T,theta=0.01 s,5.1875,291.1918
T,theta=0.01 s,5.2000,291.1463
T,theta=0.01 s,5.2125,291.1008
T,theta=0.01 s,5.2250,291.1008
T,theta=0.01 s,5.2375,291.0553
T,theta=0.01 s,5.2500,291.0097
T,theta=0.01 s,5.2625,290.9642
T,theta=0.01 s,5.2750,290.9642
T,theta=0.01 s,5.2875,290.9187
T,theta=0.01 s,5.3000,290.8732
T,theta=0.01 s,5.3125,290.8732
T,theta=0.01 s,5.3250,290.8276
T,theta=0.01 s,5.3375,290.7821
T,theta=0.01 s,5.3500,290.7366
T,theta=0.01 s,5.3625,290.7366
T,theta=0.01 s,5.3750,290.6911
T,theta=0.01 s,5.3875,290.6455
T,theta=0.01 s,5.4000,290.6000
T,theta=0.01 s,5.4125,290.6000
T,theta=0.01 s,5.4250,290.5545
T,theta=0.01 s,5.4375,290.5090
T,theta=0.01 s,5.4500,290.5090
T,theta=0.01 s,5.4625,290.4634
T,theta=0.01 s,5.4750,290.4179
T,theta=0.01 s,5.4875,290.3724
T,theta=0.01 s,5.5000,290.3724
T,theta=0.01 s,5.5125,290.3269
T,theta=0.01 s,5.5250,290.2813
T,theta=0.01 s,5.5375,290.2358
T,theta=0.01 s,5.5500,290.2358
T,theta=0.01 s,5.5625,290.1903
T,theta=0.01 s,5.5750,290.1448
T,theta=0.01 s,5.5875,290.1448
T,theta=0.01 s,5.6000,290.0992
T,theta=0.01 s,5.6125,290.0537
T,theta=0.01 s,5.6250,290.0537
T,theta=0.01 s,5.6375,290.0082
T,theta=0.01 s,5.6500,289.9627
T,theta=0.01 s,5.6625,289.9171
T,theta=0.01 s,5.6750,289.9171
T,theta=0.01 s,5.6875,289.8716
T,theta=0.01 s,5.7000,289.8261
T,theta=0.01 s,5.7125,289.8261
T,theta=0.01 s,5.7250,289.7806
T,theta=0.01 s,5.7375,289.7350
T,theta=0.01 s,5.7500,289.7350
T,theta=0.01 s,5.7625,289.6895
T,theta=0.01 s,5.7750,289.6440
T,theta=0.01 s,5.7875,289.6440
T,theta=0.01 s,5.8000,289.5985
T,theta=0.01 s,5.8125,289.5529
T,theta=0.01 s,5.8250,289.5529
T,theta=0.01 s,5.8375,289.5074
T,theta=0.01 s,5.8500,289.4619
T,theta=0.01 s,5.8625,289.4619
T,theta=0.01 s,5.8750,289.4164
T,theta=0.01 s,5.8875,289.3708
T,theta=0.01 s,5.9000,289.3708
T,theta=0.01 s,5.9125,289.3253
T,theta=0.01 s,5.9250,289.2798
T,theta=0.01 s,5.9375,289.2798
T,theta=0.01 s,5.9500,289.2343
T,theta=0.01 s,5.9625,289.1887
T,theta=0.01 s,5.9750,289.1887
T,theta=0.01 s,5.9875,289.1432
T,theta=0.01 s,6.0000,289.0977
T,theta=0.01 s,6.0125,289.0977
T,theta=0.01 s,6.0250,289.0522
T,theta=0.01 s,6.0375,289.0066
T,theta=0.01 s,6.0500,289.0066
T,theta=0.01 s,6.0625,288.9611
T,theta=0.01 s,6.0750,288.9611
T,theta=0.01 s,6.0875,288.9156
T,theta=0.01 s,6.1000,288.8701
T,theta=0.01 s,6.1125,288.8701
T,theta=0.01 s,6.1250,288.8245
T,theta=0.01 s,6.1375,288.8018
T,theta=0.01 s,6.1500,288.7790
T,theta=0.01 s,6.1625,288.7335
T,theta=0.01 s,6.1750,288.7335
T,theta=0.01 s,6.1875,288.6880
T,theta=0.01 s,6.2000,288.6652
T,theta=0.01 s,6.2125,288.6424
T,theta=0.01 s,6.2250,288.5969
T,theta=0.01 s,6.2375,288.5969
T,theta=0.01 s,6.2500,288.5514
T,theta=0.01 s,6.2625,288.5514
T,theta=0.01 s,6.2750,288.5059
T,theta=0.01 s,6.2875,288.4831
T,theta=0.01 s,6.3000,288.4603
T,theta=0.01 s,6.3125,288.4148
T,theta=0.01 s,6.3250,288.4148
T,theta=0.01 s,6.3375,288.3693
T,theta=0.01 s,6.3500,288.3693
T,theta=0.01 s,6.3625,288.3238
T,theta=0.01 s,6.3750,288.3238
T,theta=0.01 s,6.3875,288.2782
T,theta=0.01 s,6.4000,288.2555
T,theta=0.01 s,6.4125,288.2327
T,theta=0.01 s,6.4250,288.1872
T,theta=0.01 s,6.4375,288.1872
T,theta=0.01 s,6.4500,288.1417
T,theta=0.01 s,6.4625,288.1417
T,theta=0.01 s,6.4750,288.0961
T,theta=0.01 s,6.4875,288.0961
T,theta=0.01 s,6.5000,288.0506
T,theta=0.01 s,6.5125,288.0279
T,theta=0.01 s,6.5250,288.0051
T,theta=0.01 s,6.5375,287.9596
T,theta=0.01 s,6.5500,287.9596
T,theta=0.01 s,6.5625,287.9140
T,theta=0.01 s,6.5750,287.9140
T,theta=0.01 s,6.5875,287.8685
T,theta=0.01 s,6.6000,287.8230
T,theta=0.01 s,6.6125,287.8230
T,theta=0.01 s,6.6250,287.7775
T,theta=0.01 s,6.6375,287.7319
T,theta=0.01 s,6.6500,287.6864
T,theta=0.01 s,6.6625,287.6864
T,theta=0.01 s,6.6750,287.6409
T,theta=0.01 s,6.6875,287.5954
T,theta=0.01 s,6.7000,287.5498
T,theta=0.01 s,6.7125,287.5043
T,theta=0.01 s,6.7250,287.4588
T,theta=0.01 s,6.7375,287.3905
T,theta=0.01 s,6.7625,287.2539
T,theta=0.01 s,6.7750,287.2539
T,theta=0.01 s,6.8250,286.9125
T,theta=0.01 s,6.8375,286.8215
T,theta=0.01 s,6.8500,286.7304
T,theta=0.01 s,6.8625,286.6394
T,theta=0.01 s,6.8750,286.5483
T,theta=0.01 s,6.8875,286.4573
T,theta=0.01 s,6.9000,286.3434
T,theta=0.01 s,6.9125,286.2296
T,theta=0.01 s,6.9250,286.1386
T,theta=0.01 s,6.9375,286.0020
T,theta=0.01 s,6.9500,285.8882
T,theta=0.01 s,6.9625,285.7516
T,theta=0.01 s,6.9750,285.6606
T,theta=0.01 s,6.9875,285.5240
T,theta=0.01 s,7.0000,285.4102
T,theta=0.01 s,7.0125,285.2964
T,theta=0.01 s,7.0250,285.1826
T,theta=0.01 s,7.0375,285.0687
T,theta=0.01 s,7.0500,284.9549
T,theta=0.01 s,7.0625,284.8639
T,theta=0.01 s,7.0750,284.7728
T,theta=0.01 s,7.0875,284.6818
T,theta=0.01 s,7.1000,284.5680
T,theta=0.01 s,7.1125,284.4769
T,theta=0.01 s,7.1250,284.3859
T,theta=0.01 s,7.1375,284.3176
T,theta=0.01 s,7.1500,284.2493
T,theta=0.01 s,7.1625,284.1582
T,theta=0.01 s,7.1750,284.1127
T,theta=0.01 s,7.1875,284.0444
T,theta=0.01 s,7.2000,283.9989
T,theta=0.01 s,7.2125,283.9534
T,theta=0.01 s,7.2250,283.9079
T,theta=0.01 s,7.2375,283.8623
T,theta=0.01 s,7.2500,283.8168
T,theta=0.01 s,7.2625,283.7713
T,theta=0.01 s,7.2750,283.7258
T,theta=0.01 s,7.2875,283.6802
T,theta=0.01 s,7.3000,283.6802
T,theta=0.01 s,7.3125,283.6347
T,theta=0.01 s,7.3250,283.5892
T,theta=0.01 s,7.3375,283.5892
T,theta=0.01 s,7.3500,283.5437
T,theta=0.01 s,7.3625,283.5437
T,theta=0.01 s,7.3750,283.4981
T,theta=0.01 s,7.3875,283.4754
T,theta=0.01 s,7.4000,283.4526
T,theta=0.01 s,7.4125,283.4071
T,theta=0.01 s,7.4250,283.4071
T,theta=0.01 s,7.4375,283.3616
T,theta=0.01 s,7.4500,283.3616
T,theta=0.01 s,7.4625,283.3160
T,theta=0.01 s,7.4750,283.2933
T,theta=0.01 s,7.4875,283.2705
T,theta=0.01 s,7.5000,283.2250
T,theta=0.01 s,7.5125,283.2250
T,theta=0.01 s,7.5250,283.1795
T,theta=0.01 s,7.5375,283.1795
T,theta=0.01 s,7.5500,283.1339
T,theta=0.01 s,7.5625,283.1339
T,theta=0.01 s,7.5750,283.0884
T,theta=0.01 s,7.5875,283.0429
T,theta=0.01 s,7.6000,283.0429
T,theta=0.01 s,7.6125,282.9974
T,theta=0.01 s,7.6250,282.9974
T,theta=0.01 s,7.6375,282.9518
T,theta=0.01 s,7.6500,282.9063
T,theta=0.01 s,7.6625,282.9063
T,theta=0.01 s,7.6750,282.8608
T,theta=0.01 s,7.6875,282.8153
T,theta=0.01 s,7.7000,282.8153
T,theta=0.01 s,7.7125,282.7697
T,theta=0.01 s,7.7250,282.7242
T,theta=0.01 s,7.7375,282.7242
T,theta=0.01 s,7.7500,282.6787
T,theta=0.01 s,7.7625,282.6332
T,theta=0.01 s,7.7750,282.6332
T,theta=0.01 s,7.7875,282.5876
T,theta=0.01 s,7.8000,282.5421
T,theta=0.01 s,7.8125,282.5421
T,theta=0.01 s,7.8250,282.4966
T,theta=0.01 s,7.8375,282.4511
T,theta=0.01 s,7.8500,282.4055
T,theta=0.01 s,7.8625,282.4055
T,theta=0.01 s,7.8750,282.3600
T,theta=0.01 s,7.8875,282.3145
T,theta=0.01 s,7.9000,282.2690
T,theta=0.01 s,7.9125,282.2690
T,theta=0.01 s,7.9250,282.2234
T,theta=0.01 s,7.9375,282.1779
T,theta=0.01 s,7.9500,282.1324
T,theta=0.01 s,7.9625,282.1096
T,theta=0.01 s,7.9750,282.0869
T,theta=0.01 s,7.9875,282.0413
T,theta=0.01 s,8.0000,281.9958
T,theta=0.01 s,8.0125,281.9503
T,theta=0.01 s,8.0250,281.9048
T,theta=0.01 s,8.0375,281.9048
T,theta=0.01 s,8.0500,281.8592
T,theta=0.01 s,8.0625,281.8137
T,theta=0.01 s,8.0750,281.7682
T,theta=0.01 s,8.0875,281.7227
T,theta=0.01 s,8.1000,281.6771
T,theta=0.01 s,8.1125,281.6316
T,theta=0.01 s,8.1250,281.6089
T,theta=0.01 s,8.1375,281.5633
T,theta=0.01 s,8.1500,281.5406
T,theta=0.01 s,8.1625,281.4950
T,theta=0.01 s,8.1750,281.4495
T,theta=0.01 s,8.1875,281.4040
T,theta=0.01 s,8.2000,281.3585
T,theta=0.01 s,8.2125,281.3129
T,theta=0.01 s,8.2250,281.2674
T,theta=0.01 s,8.2375,281.2219
T,theta=0.01 s,8.2500,281.1764
T,theta=0.01 s,8.2625,281.1308
T,theta=0.01 s,8.2750,281.0853
T,theta=0.01 s,8.2875,281.0398
T,theta=0.01 s,8.3000,280.9943
T,theta=0.01 s,8.3125,280.9487
T,theta=0.01 s,8.3250,280.9032
T,theta=0.01 s,8.3375,280.8577
T,theta=0.01 s,8.3500,280.8122
T,theta=0.01 s,8.3625,280.7666
T,theta=0.01 s,8.3750,280.6984
T,theta=0.01 s,8.3875,280.6528
T,theta=0.01 s,8.4000,280.6073
T,theta=0.01 s,8.4125,280.5390
T,theta=0.01 s,8.4250,280.4935
T,theta=0.01 s,8.4375,280.4480
T,theta=0.01 s,8.4500,280.3797
T,theta=0.01 s,8.4625,280.3342
T,theta=0.01 s,8.4750,280.2886
T,theta=0.01 s,8.4875,280.2203
T,theta=0.01 s,8.5000,280.1748
T,theta=0.01 s,8.5125,280.1293
T,theta=0.01 s,8.5250,280.0610
T,theta=0.01 s,8.5375,280.0155
T,theta=0.01 s,8.5500,279.9700
T,theta=0.01 s,8.5625,279.9017
T,theta=0.01 s,8.5750,279.8334
T,theta=0.01 s,8.5875,279.7879
T,theta=0.01 s,8.6000,279.7196
T,theta=0.01 s,8.6125,279.6513
T,theta=0.01 s,8.6250,279.6058
T,theta=0.01 s,8.6375,279.5375
T,theta=0.01 s,8.6500,279.4692
T,theta=0.01 s,8.6625,279.4237
T,theta=0.01 s,8.6750,279.3554
T,theta=0.01 s,8.6875,279.2871
T,theta=0.01 s,8.7000,279.2416
T,theta=0.01 s,8.7125,279.1505
T,theta=0.01 s,8.7250,279.1050
T,theta=0.01 s,8.7375,279.0367
T,theta=0.01 s,8.7500,278.9684
T,theta=0.01 s,8.7625,278.9229
T,theta=0.01 s,8.7750,278.8318
T,theta=0.01 s,8.7875,278.7863
T,theta=0.01 s,8.8000,278.6953
T,theta=0.01 s,8.8125,278.6042
T,theta=0.01 s,8.8250,278.5587
T,theta=0.01 s,8.8375,278.4676
T,theta=0.01 s,8.8500,278.3993
T,theta=0.01 s,8.8625,278.3311
T,theta=0.01 s,8.8750,278.2400
T,theta=0.01 s,8.8875,278.1262
T,theta=0.01 s,8.9000,278.0351
T,theta=0.01 s,8.9125,277.9441
T,theta=0.01 s,8.9250,277.7620
T,theta=0.01 s,8.9375,277.5799
T,theta=0.01 s,8.9500,277.4661
T,theta=0.01 s,8.9625,277.2840
T,theta=0.01 s,8.9750,277.0108
T,theta=0.01 s,8.9875,275.8044
T,theta=0.01 s,9.0000,275.7361
T,theta=0.01 s,9.0125,274.5980
T,theta=0.01 s,9.0250,274.2111
T,theta=0.01 s,9.0375,273.9834
T,theta=0.01 s,9.0500,273.6192
T,theta=0.01 s,9.0625,273.4599
T,theta=0.01 s,9.0750,273.3233
T,theta=0.01 s,9.0875,273.2323
T,theta=0.01 s,9.1000,273.1867
T,theta=0.01 s,9.3000,273.1185
T,theta=0.01 s,9.3625,273.1185
T,theta=0.01 s,9.7750,273.1185
T,theta=0.01 s,9.8250,273.1412
T,theta=0.01 s,10.2375,273.1412
T,theta=0.01 s,10.2500,273.1185
T,theta=0.01 s,10.3000,273.1185
T,theta=0.01 s,10.7125,273.1185
T,theta=0.01 s,10.7250,273.1412
T,theta=0.01 s,10.7750,273.1412
T,theta=0.01 s,11.1875,273.1185
T,theta=0.01 s,11.6625,273.1185
T,theta=0.01 s,11.7125,273.1412
T,theta=0.1 s,0.3625,298.0889
T,theta=0.1 s,0.3750,298.0889
T,theta=0.1 s,0.5125,298.1572
T,theta=0.1 s,0.5250,298.1572
T,theta=0.1 s,0.5750,298.1572
T,theta=0.1 s,0.5875,298.1572
T,theta=0.1 s,0.6250,298.1572
T,theta=0.1 s,0.6375,298.1572
T,theta=0.1 s,0.6875,298.1572
T,theta=0.1 s,0.7000,298.1572
T,theta=0.1 s,0.7500,298.1344
T,theta=0.1 s,0.7625,298.1572
T,theta=0.1 s,0.8125,298.1344
T,theta=0.1 s,0.8250,298.0889
T,theta=0.1 s,0.8375,298.0889
T,theta=0.1 s,0.8500,298.0889
T,theta=0.1 s,0.9875,298.1572
T,theta=0.1 s,1.0000,298.1572
T,theta=0.1 s,1.0375,298.1572
T,theta=0.1 s,1.0500,298.1572
T,theta=0.1 s,1.1000,298.1572
T,theta=0.1 s,1.1125,298.1572
T,theta=0.1 s,1.1625,298.1572
T,theta=0.1 s,1.1750,298.1572
T,theta=0.1 s,1.2250,298.1344
T,theta=0.1 s,1.2750,298.1572
T,theta=0.1 s,1.2875,298.1572
T,theta=0.1 s,1.3000,298.0889
T,theta=0.1 s,1.3125,298.0889
T,theta=0.1 s,1.3250,298.0889
T,theta=0.1 s,1.4500,298.1572
T,theta=0.1 s,1.4625,298.1572
T,theta=0.1 s,1.5125,298.1572
T,theta=0.1 s,1.5250,298.1572
T,theta=0.1 s,1.5750,298.1572
T,theta=0.1 s,1.5875,298.1572
T,theta=0.1 s,1.6375,298.1572
T,theta=0.1 s,1.6500,298.0889
T,theta=0.1 s,1.6875,298.1572
T,theta=0.1 s,1.7000,298.1344
T,theta=0.1 s,1.7500,298.1572
T,theta=0.1 s,1.7625,298.1572
T,theta=0.1 s,1.7750,298.0889
T,theta=0.1 s,1.7875,298.0889
T,theta=0.1 s,1.9250,298.1572
T,theta=0.1 s,1.9375,298.1572
T,theta=0.1 s,1.9875,298.1572
T,theta=0.1 s,2.0000,298.1572
T,theta=0.1 s,2.0500,298.1572
T,theta=0.1 s,2.1000,298.1572
T,theta=0.1 s,2.1125,298.1572
T,theta=0.1 s,2.1625,298.1572
T,theta=0.1 s,2.1750,298.1572
T,theta=0.1 s,2.2125,298.0889
T,theta=0.1 s,2.2250,298.1572
T,theta=0.1 s,2.2375,298.1344
T,theta=0.1 s,2.3750,297.8385
T,theta=0.1 s,2.4000,297.6564
T,theta=0.1 s,2.4125,297.6336
T,theta=0.1 s,2.4250,297.4743
T,theta=0.1 s,2.4375,297.3605
T,theta=0.1 s,2.4500,297.2467
T,theta=0.1 s,2.4625,297.0873
T,theta=0.1 s,2.4750,297.0418
T,theta=0.1 s,2.4875,296.8597
T,theta=0.1 s,2.5000,296.8142
T,theta=0.1 s,2.5500,296.2906
T,theta=0.1 s,2.5625,296.2451
T,theta=0.1 s,2.5750,296.0858
T,theta=0.1 s,2.5875,296.0175
T,theta=0.1 s,2.6000,295.9037
T,theta=0.1 s,2.6125,295.8354
T,theta=0.1 s,2.6250,295.7216
T,theta=0.1 s,2.6375,295.6305
T,theta=0.1 s,2.6500,295.5395
T,theta=0.1 s,2.6625,295.4484
T,theta=0.1 s,2.6750,295.4029
T,theta=0.1 s,2.6875,295.3118
T,theta=0.1 s,2.7625,294.8338
T,theta=0.1 s,2.7750,294.8111
T,theta=0.1 s,2.7875,294.7200
T,theta=0.1 s,2.8000,294.6745
T,theta=0.1 s,2.8125,294.5834
T,theta=0.1 s,2.8250,294.5379
T,theta=0.1 s,2.8375,294.4696
T,theta=0.1 s,2.8500,294.4013
T,theta=0.1 s,2.8625,294.3558
T,theta=0.1 s,2.8750,294.2875
T,theta=0.1 s,2.8875,294.2192
T,theta=0.1 s,2.9000,294.1737
T,theta=0.1 s,2.9125,294.1054
T,theta=0.1 s,2.9250,294.0599
T,theta=0.1 s,2.9375,293.9916
T,theta=0.1 s,2.9500,293.9233
T,theta=0.1 s,2.9625,293.8778
T,theta=0.1 s,3.0500,293.4908
T,theta=0.1 s,3.0625,293.4681
T,theta=0.1 s,3.0750,293.4226
T,theta=0.1 s,3.0875,293.3770
T,theta=0.1 s,3.1000,293.3315
T,theta=0.1 s,3.1125,293.2860
T,theta=0.1 s,3.1250,293.2405
T,theta=0.1 s,3.1375,293.1949
T,theta=0.1 s,3.1500,293.1494
T,theta=0.1 s,3.1625,293.1039
T,theta=0.1 s,3.1750,293.0584
T,theta=0.1 s,3.1875,293.0128
T,theta=0.1 s,3.2000,293.0128
T,theta=0.1 s,3.2125,292.9673
T,theta=0.1 s,3.2250,292.9218
T,theta=0.1 s,3.2375,292.8763
T,theta=0.1 s,3.2500,292.8535
T,theta=0.1 s,3.2625,292.8307
T,theta=0.1 s,3.2750,292.7852
T,theta=0.1 s,3.2875,292.7625
T,theta=0.1 s,3.3000,292.7397
T,theta=0.1 s,3.3125,292.7169
T,theta=0.1 s,3.4250,292.4893
T,theta=0.1 s,3.4375,292.5121
T,theta=0.1 s,3.4500,292.4893
T,theta=0.1 s,3.4625,292.4665
T,theta=0.1 s,3.4750,292.4665
T,theta=0.1 s,3.4875,292.4438
T,theta=0.1 s,3.5000,292.4438
T,theta=0.1 s,3.5125,292.4438
T,theta=0.1 s,3.5250,292.4210
T,theta=0.1 s,3.5375,292.4210
T,theta=0.1 s,3.5500,292.3983
T,theta=0.1 s,3.5625,292.3983
T,theta=0.1 s,3.5750,292.3983
T,theta=0.1 s,3.5875,292.3983
T,theta=0.1 s,3.6000,292.3755
T,theta=0.1 s,3.6125,292.3755
T,theta=0.1 s,3.6250,292.3755
T,theta=0.1 s,3.6375,292.3527
T,theta=0.1 s,3.6500,292.3527
T,theta=0.1 s,3.6625,292.3527
T,theta=0.1 s,3.6750,292.3527
T,theta=0.1 s,3.6875,292.3527
T,theta=0.1 s,3.7000,292.3527
T,theta=0.1 s,3.7125,292.3300
T,theta=0.1 s,3.7250,292.3300
T,theta=0.1 s,3.7375,292.3300
T,theta=0.1 s,3.7500,292.3300
T,theta=0.1 s,3.7625,292.3072
T,theta=0.1 s,3.9000,292.2617
T,theta=0.1 s,3.9125,292.2617
T,theta=0.1 s,3.9250,292.2617
T,theta=0.1 s,3.9375,292.2617
T,theta=0.1 s,3.9500,292.2617
T,theta=0.1 s,3.9625,292.2617
T,theta=0.1 s,3.9750,292.2617
T,theta=0.1 s,3.9875,292.2389
T,theta=0.1 s,4.0000,292.2389
T,theta=0.1 s,4.0125,292.2389
T,theta=0.1 s,4.0250,292.2389
T,theta=0.1 s,4.0375,292.2389
T,theta=0.1 s,4.0500,292.2162
T,theta=0.1 s,4.0625,292.2162
T,theta=0.1 s,4.0750,292.2162
T,theta=0.1 s,4.0875,292.2162
T,theta=0.1 s,4.1000,292.2162
T,theta=0.1 s,4.1125,292.2162
T,theta=0.1 s,4.1250,292.1934
T,theta=0.1 s,4.1375,292.1934
T,theta=0.1 s,4.1500,292.1934
T,theta=0.1 s,4.1625,292.1934
T,theta=0.1 s,4.1750,292.1934
T,theta=0.1 s,4.1875,292.1934
T,theta=0.1 s,4.2000,292.1706
T,theta=0.1 s,4.2125,292.1706
T,theta=0.1 s,4.2250,292.1706
T,theta=0.1 s,4.3250,291.6243
T,theta=0.1 s,4.3625,292.1251
T,theta=0.1 s,4.3750,292.1251
T,theta=0.1 s,4.3875,292.1251
T,theta=0.1 s,4.4000,292.1251
T,theta=0.1 s,4.4125,292.1251
T,theta=0.1 s,4.4250,292.1023
T,theta=0.1 s,4.4375,292.1023
T,theta=0.1 s,4.4500,292.1023
T,theta=0.1 s,4.4625,292.1023
T,theta=0.1 s,4.4750,292.1023
T,theta=0.1 s,4.4875,292.1023
T,theta=0.1 s,4.5000,292.0796
T,theta=0.1 s,4.5125,292.0796
T,theta=0.1 s,4.5250,292.0796
T,theta=0.1 s,4.5375,292.0796
T,theta=0.1 s,4.5500,292.0796
T,theta=0.1 s,4.5625,292.0796
T,theta=0.1 s,4.5750,292.0796
T,theta=0.1 s,4.5875,292.0568
T,theta=0.1 s,4.6000,292.0568
T,theta=0.1 s,4.6125,292.0568
T,theta=0.1 s,4.6250,292.0568
T,theta=0.1 s,4.6375,292.0568
T,theta=0.1 s,4.6500,292.0568
T,theta=0.1 s,4.6625,292.0568
T,theta=0.1 s,4.6750,292.0341
T,theta=0.1 s,4.6875,292.0341
T,theta=0.1 s,4.7000,292.0341
T,theta=0.1 s,4.8375,291.9885
T,theta=0.1 s,4.8500,291.9885
T,theta=0.1 s,4.8625,291.9885
T,theta=0.1 s,4.8750,291.9885
T,theta=0.1 s,4.8875,291.9885
T,theta=0.1 s,4.9000,291.9658
T,theta=0.1 s,4.9125,291.9658
T,theta=0.1 s,4.9250,291.9658
T,theta=0.1 s,4.9375,291.9658
T,theta=0.1 s,4.9500,291.9658
T,theta=0.1 s,4.9625,291.9430
T,theta=0.1 s,4.9750,291.9430
T,theta=0.1 s,4.9875,291.9430
T,theta=0.1 s,5.0000,291.9430
T,theta=0.1 s,5.0125,291.9430
T,theta=0.1 s,5.0250,291.9430
T,theta=0.1 s,5.0375,291.9430
T,theta=0.1 s,5.0500,291.9202
T,theta=0.1 s,5.0625,291.9202
T,theta=0.1 s,5.0750,291.9202
T,theta=0.1 s,5.0875,291.9202
T,theta=0.1 s,5.1000,291.9202
T,theta=0.1 s,5.1125,291.9202
T,theta=0.1 s,5.1250,291.8975
T,theta=0.1 s,5.1375,291.8975
T,theta=0.1 s,5.1500,291.8975
T,theta=0.1 s,5.1625,291.8975
T,theta=0.1 s,5.3000,291.8520
T,theta=0.1 s,5.3125,291.8520
T,theta=0.1 s,5.3250,291.8520
T,theta=0.1 s,5.3375,291.8520
T,theta=0.1 s,5.3500,291.8520
T,theta=0.1 s,5.3625,291.8292
T,theta=0.1 s,5.3750,291.8292
T,theta=0.1 s,5.3875,291.8292
T,theta=0.1 s,5.4000,291.8292
T,theta=0.1 s,5.4125,291.8292
T,theta=0.1 s,5.4250,291.8064
T,theta=0.1 s,5.4375,291.8064
T,theta=0.1 s,5.4500,291.8064
T,theta=0.1 s,5.4625,291.8064
T,theta=0.1 s,5.4750,291.8064
T,theta=0.1 s,5.4875,291.8064
T,theta=0.1 s,5.5000,291.8064
T,theta=0.1 s,5.5125,291.8064
T,theta=0.1 s,5.5250,291.7837
T,theta=0.1 s,5.5375,291.7837
T,theta=0.1 s,5.5500,291.7837
T,theta=0.1 s,5.5625,291.7837
T,theta=0.1 s,5.5750,291.7837
T,theta=0.1 s,5.5875,291.7609
T,theta=0.1 s,5.6000,291.7609
T,theta=0.1 s,5.6125,291.7609
T,theta=0.1 s,5.6250,291.7609
T,theta=0.1 s,5.6375,291.7609
T,theta=0.1 s,5.7750,291.7154
T,theta=0.1 s,5.7875,291.7154
T,theta=0.1 s,5.8000,291.7154
T,theta=0.1 s,5.8125,291.7154
T,theta=0.1 s,5.8250,291.6926
T,theta=0.1 s,5.8375,291.6926
T,theta=0.1 s,5.8500,291.6926
T,theta=0.1 s,5.8625,291.6926
T,theta=0.1 s,5.8750,291.6926
T,theta=0.1 s,5.8875,291.6926
T,theta=0.1 s,5.9000,291.6699
T,theta=0.1 s,5.9125,291.6699
T,theta=0.1 s,5.9250,291.6699
T,theta=0.1 s,5.9375,291.6699
T,theta=0.1 s,5.9500,291.6699
T,theta=0.1 s,5.9625,291.6699
T,theta=0.1 s,5.9750,291.6699
T,theta=0.1 s,5.9875,291.6471
T,theta=0.1 s,6.0000,291.6471
T,theta=0.1 s,6.0125,291.6471
T,theta=0.1 s,6.0250,291.6471
T,theta=0.1 s,6.0375,291.6471
T,theta=0.1 s,6.0500,291.6471
T,theta=0.1 s,6.0625,291.6243
T,theta=0.1 s,6.0750,291.6243
T,theta=0.1 s,6.0875,291.6243
T,theta=0.1 s,6.1000,291.6243
T,theta=0.1 s,6.2375,291.5788
T,theta=0.1 s,6.2500,291.5788
T,theta=0.1 s,6.2625,291.5788
T,theta=0.1 s,6.2750,291.5788
T,theta=0.1 s,6.2875,291.5788
T,theta=0.1 s,6.3000,291.5788
T,theta=0.1 s,6.3125,291.5560
T,theta=0.1 s,6.3250,291.5560
T,theta=0.1 s,6.3750,291.5333
T,theta=0.1 s,6.3875,291.5333
T,theta=0.1 s,6.4000,291.5333
T,theta=0.1 s,6.4250,291.4650
T,theta=0.1 s,6.4375,291.4650
T,theta=0.1 s,6.4750,291.3512
T,theta=0.1 s,6.4875,291.3739
T,theta=0.1 s,6.5000,291.3512
T,theta=0.1 s,6.5250,291.2146
T,theta=0.1 s,6.5375,291.2374
T,theta=0.1 s,6.5500,291.2146
T,theta=0.1 s,6.6125,290.6683
T,theta=0.1 s,6.6250,290.6683
T,theta=0.1 s,6.6375,290.5317
T,theta=0.1 s,6.6500,290.3496
T,theta=0.1 s,6.6625,290.2586
T,theta=0.1 s,6.6750,290.0992
T,theta=0.1 s,6.6875,289.8944
T,theta=0.1 s,6.7000,289.6668
T,theta=0.1 s,6.7250,289.0294
T,theta=0.1 s,6.7375,288.8701
T,theta=0.1 s,6.7500,288.5059
T,theta=0.1 s,6.7625,288.1872
T,theta=0.1 s,6.7750,287.9823
T,theta=0.1 s,6.7875,287.2995
T,theta=0.1 s,6.8000,287.0036
T,theta=0.1 s,6.8125,286.6394
T,theta=0.1 s,6.8250,286.3434
T,theta=0.1 s,6.8375,285.5468
T,theta=0.1 s,6.8500,285.3419
T,theta=0.1 s,6.8625,284.9094
T,theta=0.1 s,6.8750,284.6135
T,theta=0.1 s,6.8875,283.8623
T,theta=0.1 s,6.9000,283.5892
T,theta=0.1 s,6.9125,283.1567
T,theta=0.1 s,6.9250,282.9063
T,theta=0.1 s,6.9375,282.2007
T,theta=0.1 s,6.9500,281.9958
T,theta=0.1 s,6.9625,281.6316
T,theta=0.1 s,6.9750,281.3129
T,theta=0.1 s,6.9875,281.1308
T,theta=0.1 s,7.0000,280.5845
T,theta=0.1 s,7.0125,280.4707
T,theta=0.1 s,7.0250,280.2431
T,theta=0.1 s,7.0375,280.0382
T,theta=0.1 s,7.0500,279.8561
T,theta=0.1 s,7.0625,279.6968
T,theta=0.1 s,7.0750,279.5602
T,theta=0.1 s,7.0875,279.4692
T,theta=0.1 s,7.1500,278.9684
T,theta=0.1 s,7.1625,278.9456
T,theta=0.1 s,7.1750,278.9001
T,theta=0.1 s,7.1875,278.8546
T,theta=0.1 s,7.2000,278.8318
T,theta=0.1 s,7.2125,278.8091
T,theta=0.1 s,7.2250,278.7863
T,theta=0.1 s,7.2375,278.7635
T,theta=0.1 s,7.2500,278.7408
T,theta=0.1 s,7.2625,278.7180
T,theta=0.1 s,7.2750,278.7180
T,theta=0.1 s,7.2875,278.6953
T,theta=0.1 s,7.3000,278.6953
T,theta=0.1 s,7.3125,278.6725
T,theta=0.1 s,7.3250,278.6725
T,theta=0.1 s,7.3375,278.6497
T,theta=0.1 s,7.3500,278.6497
T,theta=0.1 s,7.3625,278.6497
T,theta=0.1 s,7.3750,278.6270
T,theta=0.1 s,7.3875,278.6270
T,theta=0.1 s,7.4000,278.6042
T,theta=0.1 s,7.4125,278.6042
T,theta=0.1 s,7.4250,278.6042
T,theta=0.1 s,7.4375,278.6042
T,theta=0.1 s,7.4500,278.5814
T,theta=0.1 s,7.4625,278.5814
T,theta=0.1 s,7.6000,278.4904
T,theta=0.1 s,7.6125,278.4904
T,theta=0.1 s,7.6250,278.4676
T,theta=0.1 s,7.6375,278.4676
T,theta=0.1 s,7.6500,278.4676
T,theta=0.1 s,7.6625,278.4449
T,theta=0.1 s,7.6750,278.4449
T,theta=0.1 s,7.6875,278.4449
T,theta=0.1 s,7.7000,278.4221
T,theta=0.1 s,7.7125,278.4221
T,theta=0.1 s,7.7250,278.4221
T,theta=0.1 s,7.7375,278.3993
T,theta=0.1 s,7.7500,278.3993
T,theta=0.1 s,7.7625,278.3993
T,theta=0.1 s,7.7750,278.3766
T,theta=0.1 s,7.7875,278.3766
T,theta=0.1 s,7.8000,278.3766
T,theta=0.1 s,7.8125,278.3538
T,theta=0.1 s,7.8250,278.3538
T,theta=0.1 s,7.8375,278.3538
T,theta=0.1 s,7.8500,278.3311
T,theta=0.1 s,7.8625,278.3311
T,theta=0.1 s,7.8750,278.3311
T,theta=0.1 s,7.8875,278.3083
T,theta=0.1 s,7.9000,278.3083
T,theta=0.1 s,7.9125,278.3083
T,theta=0.1 s,7.9250,278.2855
T,theta=0.1 s,8.0625,278.2172
T,theta=0.1 s,8.0750,278.1945
T,theta=0.1 s,8.0875,278.1945
T,theta=0.1 s,8.1000,278.1945
T,theta=0.1 s,8.1125,278.1717
T,theta=0.1 s,8.1250,278.1717
T,theta=0.1 s,8.1375,278.1717
T,theta=0.1 s,8.1500,278.1490
T,theta=0.1 s,8.1625,278.1490
T,theta=0.1 s,8.1750,278.1490
T,theta=0.1 s,8.1875,278.1262
T,theta=0.1 s,8.2000,278.1262
T,theta=0.1 s,8.2125,278.1262
T,theta=0.1 s,8.2250,278.1034
T,theta=0.1 s,8.2375,278.1034
T,theta=0.1 s,8.2500,278.1034
T,theta=0.1 s,8.2625,278.0807
T,theta=0.1 s,8.2750,278.0807
T,theta=0.1 s,8.2875,278.0807
T,theta=0.1 s,8.3000,278.0579
T,theta=0.1 s,8.3125,278.0579
T,theta=0.1 s,8.3250,278.0579
T,theta=0.1 s,8.3375,278.0351
T,theta=0.1 s,8.3500,278.0351
T,theta=0.1 s,8.3625,278.0351
T,theta=0.1 s,8.3750,278.0124
T,theta=0.1 s,8.3875,278.0124
T,theta=0.1 s,8.5250,277.9213
T,theta=0.1 s,8.5375,277.9213
T,theta=0.1 s,8.5500,277.9213
T,theta=0.1 s,8.5625,277.8986
T,theta=0.1 s,8.5750,277.8986
T,theta=0.1 s,8.5875,277.8986
T,theta=0.1 s,8.6000,277.8758
T,theta=0.1 s,8.6125,277.8758
T,theta=0.1 s,8.6250,277.8758
T,theta=0.1 s,8.6375,277.8530
T,theta=0.1 s,8.6500,277.8530
T,theta=0.1 s,8.6625,277.8530
T,theta=0.1 s,8.6750,277.8303
T,theta=0.1 s,8.6875,277.8303
T,theta=0.1 s,8.7000,277.8303
T,theta=0.1 s,8.7125,277.8075
T,theta=0.1 s,8.7250,277.8075
T,theta=0.1 s,8.7375,277.8075
T,theta=0.1 s,8.7500,277.7848
T,theta=0.1 s,8.7625,277.7848
T,theta=0.1 s,8.7750,277.7848
T,theta=0.1 s,8.7875,277.7620
T,theta=0.1 s,8.8000,277.7620
T,theta=0.1 s,8.8125,277.7392
T,theta=0.1 s,8.8250,277.7392
T,theta=0.1 s,8.8375,277.7165
T,theta=0.1 s,8.8500,277.7165
T,theta=0.1 s,8.8875,277.4661
T,theta=0.1 s,8.9125,277.2840
T,theta=0.1 s,8.9375,277.2157
T,theta=0.1 s,8.9500,277.1019
T,theta=0.1 s,8.9625,276.7832
T,theta=0.1 s,8.9750,276.5556
T,theta=0.1 s,8.9875,276.2369
T,theta=0.1 s,9.0000,275.4630
T,theta=0.1 s,9.0125,275.3037
T,theta=0.1 s,9.0250,274.8484
T,theta=0.1 s,9.0375,274.5525
T,theta=0.1 s,9.0500,273.8241
T,theta=0.1 s,9.0625,273.7786
T,theta=0.1 s,9.0750,273.5737
T,theta=0.1 s,9.0875,273.3688
T,theta=0.1 s,9.1000,273.3688
T,theta=0.1 s,9.1250,273.2095
T,theta=0.1 s,9.1375,273.1867
T,theta=0.1 s,9.1750,273.1412
T,theta=0.1 s,9.1875,273.1412
T,theta=0.1 s,9.2375,273.1185
T,theta=0.1 s,9.2500,273.1412
T,theta=0.1 s,9.3375,273.1867
T,theta=0.1 s,9.3750,273.1867
T,theta=0.1 s,9.3875,273.1867
T,theta=0.1 s,9.4000,273.1867
T,theta=0.1 s,9.4125,273.1185
T,theta=0.1 s,9.4250,273.1185
T,theta=0.1 s,9.4500,273.1867
T,theta=0.1 s,9.4750,273.1185
T,theta=0.1 s,9.4875,273.1412
T,theta=0.1 s,9.5000,273.1867
T,theta=0.1 s,9.5125,273.1867
T,theta=0.1 s,9.5250,273.1867
T,theta=0.1 s,9.5375,273.1185
T,theta=0.1 s,9.5500,273.1867
T,theta=0.1 s,9.5625,273.1867
T,theta=0.1 s,9.5750,273.1867
T,theta=0.1 s,9.5875,273.1412
T,theta=0.1 s,9.6000,273.1185
T,theta=0.1 s,9.6250,273.1867
T,theta=0.1 s,9.6500,273.1185
T,theta=0.1 s,9.6625,273.1185
T,theta=0.1 s,9.6875,273.1867
T,theta=0.1 s,9.7125,273.1185
T,theta=0.1 s,9.8125,273.1867
T,theta=0.1 s,9.8625,273.1867
T,theta=0.1 s,9.8875,273.1185
T,theta=0.1 s,9.9000,273.1185
T,theta=0.1 s,9.9250,273.1867
T,theta=0.1 s,9.9375,273.1867
T,theta=0.1 s,9.9500,273.1185
T,theta=0.1 s,9.9625,273.1867
T,theta=0.1 s,9.9750,273.1867
T,theta=0.1 s,9.9875,273.1867
T,theta=0.1 s,10.0000,273.1412
T,theta=0.1 s,10.0125,273.1185
T,theta=0.1 s,10.0375,273.1867
T,theta=0.1 s,10.0500,273.1867
T,theta=0.1 s,10.0625,273.1185
T,theta=0.1 s,10.0750,273.1185
T,theta=0.1 s,10.1250,273.1185
T,theta=0.1 s,10.1375,273.1412
T,theta=0.1 s,10.1500,273.1867
T,theta=0.1 s,10.1625,273.1867
T,theta=0.1 s,10.1750,273.1867
T,theta=0.1 s,10.1875,273.1185
T,theta=0.1 s,10.2750,273.1867
T,theta=0.1 s,10.2875,273.1867
T,theta=0.1 s,10.3125,273.1412
T,theta=0.1 s,10.3375,273.1867
T,theta=0.1 s,10.3500,273.1867
T,theta=0.1 s,10.3625,273.1185
T,theta=0.1 s,10.3750,273.1867
T,theta=0.1 s,10.4000,273.1867
T,theta=0.1 s,10.4125,273.1412
T,theta=0.1 s,10.4250,273.1185
T,theta=0.1 s,10.4375,273.1867
T,theta=0.1 s,10.4500,273.1867
T,theta=0.1 s,10.4625,273.1867
T,theta=0.1 s,10.4750,273.1185
T,theta=0.1 s,10.4875,273.1185
T,theta=0.1 s,10.5125,273.1867
T,theta=0.1 s,10.5250,273.1867
T,theta=0.1 s,10.5375,273.1185
T,theta=0.1 s,10.5500,273.1412
T,theta=0.1 s,10.5875,273.1867
T,theta=0.1 s,10.6000,273.1185
T,theta=0.1 s,10.6125,273.1867
T,theta=0.1 s,10.6250,273.1867
T,theta=0.1 s,10.6375,273.1867
T,theta=0.1 s,10.6500,273.1185
T,theta=0.1 s,10.7500,273.1867
T,theta=0.1 s,10.7875,273.1185
T,theta=0.1 s,10.8125,273.1867
T,theta=0.1 s,10.8250,273.1185
T,theta=0.1 s,10.8375,273.1185
T,theta=0.1 s,10.8625,273.1867
T,theta=0.1 s,10.8750,273.1867
T,theta=0.1 s,10.8875,273.1185
T,theta=0.1 s,10.9000,273.1185
T,theta=0.1 s,10.9125,273.1867
T,theta=0.1 s,10.9250,273.1867
T,theta=0.1 s,10.9375,273.1867
T,theta=0.1 s,10.9500,273.1185
T,theta=0.1 s,10.9625,273.1412
T,theta=0.1 s,10.9875,273.1867
T,theta=0.1 s,11.0000,273.1867
T,theta=0.1 s,11.0125,273.1185
T,theta=0.1 s,11.0250,273.1867
T,theta=0.1 s,11.0375,273.1867
T,theta=0.1 s,11.0625,273.1185
T,theta=0.1 s,11.0750,273.1185
T,theta=0.1 s,11.1000,273.1867
T,theta=0.1 s,11.1125,273.1867
T,theta=0.1 s,11.1250,273.1185
T,theta=0.1 s,11.2250,273.1867
T,theta=0.1 s,11.2750,273.1867
T,theta=0.1 s,11.2875,273.1867
T,theta=0.1 s,11.3000,273.1185
T,theta=0.1 s,11.3125,273.1185
T,theta=0.1 s,11.3375,273.1867
T,theta=0.1 s,11.3500,273.1867
T,theta=0.1 s,11.3625,273.1185
T,theta=0.1 s,11.3750,273.1412
T,theta=0.1 s,11.3875,273.1867
T,theta=0.1 s,11.4000,273.1867
T,theta=0.1 s,11.4125,273.1867
T,theta=0.1 s,11.4250,273.1185
T,theta=0.1 s,11.4375,273.1867
T,theta=0.1 s,11.4500,273.1867
T,theta=0.1 s,11.4625,273.1867
T,theta=0.1 s,11.4750,273.1412
T,theta=0.1 s,11.4875,273.1185
T,theta=0.1 s,11.5375,273.1185
T,theta=0.1 s,11.5500,273.1185
T,theta=0.1 s,11.5625,273.1867
T,theta=0.1 s,11.5750,273.1867
T,theta=0.1 s,11.6000,273.1185
T,theta=0.1 s,11.6875,273.1867
T,theta=0.1 s,11.7000,273.1867
T,theta=0.1 s,11.7250,273.1412
T,theta=0.1 s,11.7500,273.1867
T,theta=0.1 s,11.7750,273.1185
T,theta=0.1 s,11.7875,273.1185
T,theta=0.1 s,11.8125,273.1867
T,theta=0.1 s,11.8250,273.1867
T,theta=0.1 s,11.8375,273.1185
T,theta=0.1 s,11.8500,273.1867
T,theta=0.1 s,11.8625,273.1867
T,theta=0.1 s,11.8750,273.1867
T,theta=0.1 s,11.8875,273.1412
T,theta=1 s,0.3625,298.1344
T,theta=1 s,0.3750,298.1572
T,theta=1 s,0.3875,298.1799
T,theta=1 s,0.4125,298.1799
T,theta=1 s,0.4250,298.1572
T,theta=1 s,0.4375,298.1572
T,theta=1 s,0.4750,298.1572
T,theta=1 s,0.4875,298.1572
T,theta=1 s,0.5000,298.1572
T,theta=1 s,0.5375,298.1572
T,theta=1 s,0.5500,298.1572
T,theta=1 s,0.5625,298.1572
T,theta=1 s,0.5875,298.1344
T,theta=1 s,0.6000,298.1572
T,theta=1 s,0.6125,298.1572
T,theta=1 s,0.6250,298.1344
T,theta=1 s,0.6500,298.1572
T,theta=1 s,0.6625,298.1572
T,theta=1 s,0.6750,298.1572
T,theta=1 s,0.7125,298.1572
T,theta=1 s,0.7250,298.1344
T,theta=1 s,0.7375,298.1344
T,theta=1 s,0.7625,298.1572
T,theta=1 s,0.7750,298.1344
T,theta=1 s,0.7875,298.1344
T,theta=1 s,0.8000,298.1572
T,theta=1 s,0.8250,298.1572
T,theta=1 s,0.8375,298.1572
T,theta=1 s,0.8500,298.1572
T,theta=1 s,0.8875,298.1572
T,theta=1 s,0.9000,298.1572
T,theta=1 s,0.9125,298.1572
T,theta=1 s,0.9500,298.1572
T,theta=1 s,0.9625,298.1572
T,theta=1 s,0.9750,298.1572
T,theta=1 s,1.0000,298.1344
T,theta=1 s,1.0125,298.1572
T,theta=1 s,1.0250,298.1572
T,theta=1 s,1.0375,298.1344
T,theta=1 s,1.0625,298.1572
T,theta=1 s,1.0750,298.1572
T,theta=1 s,1.0875,298.1572
T,theta=1 s,1.1250,298.1572
T,theta=1 s,1.1375,298.1572
T,theta=1 s,1.1500,298.1572
T,theta=1 s,1.1750,298.1344
T,theta=1 s,1.1875,298.1572
T,theta=1 s,1.2000,298.1344
T,theta=1 s,1.2125,298.1572
T,theta=1 s,1.2375,298.1572
T,theta=1 s,1.2500,298.1344
T,theta=1 s,1.2625,298.1344
T,theta=1 s,1.2750,298.1572
T,theta=1 s,1.3000,298.1344
T,theta=1 s,1.3125,298.1572
T,theta=1 s,1.3250,298.1572
T,theta=1 s,1.3625,298.1572
T,theta=1 s,1.3750,298.1572
T,theta=1 s,1.3875,298.1799
T,theta=1 s,1.4250,298.1572
T,theta=1 s,1.4375,298.1572
T,theta=1 s,1.4500,298.1344
T,theta=1 s,1.4750,298.1572
T,theta=1 s,1.4875,298.1572
T,theta=1 s,1.5000,298.1572
T,theta=1 s,1.5375,298.1572
T,theta=1 s,1.5500,298.1572
T,theta=1 s,1.5625,298.1572
T,theta=1 s,1.5875,298.1344
T,theta=1 s,1.6000,298.1572
T,theta=1 s,1.6125,298.1572
T,theta=1 s,1.6250,298.1572
T,theta=1 s,1.6500,298.1572
T,theta=1 s,1.6625,298.1344
T,theta=1 s,1.6750,298.1344
T,theta=1 s,1.6875,298.1572
T,theta=1 s,1.7125,298.1344
T,theta=1 s,1.7250,298.1344
T,theta=1 s,1.7375,298.1344
T,theta=1 s,1.7750,298.1344
T,theta=1 s,1.7875,298.1572
T,theta=1 s,1.8000,298.1572
T,theta=1 s,1.8375,298.1572
T,theta=1 s,1.8500,298.1572
T,theta=1 s,1.8875,298.1799
T,theta=1 s,1.9000,298.1572
T,theta=1 s,1.9125,298.1572
T,theta=1 s,1.9500,298.1572
T,theta=1 s,1.9625,298.1572
T,theta=1 s,1.9750,298.1572
T,theta=1 s,2.0000,298.1344
T,theta=1 s,2.0125,298.1572
T,theta=1 s,2.0250,298.1572
T,theta=1 s,2.0375,298.1572
T,theta=1 s,2.0625,298.1572
T,theta=1 s,2.0750,298.1572
T,theta=1 s,2.0875,298.1572
T,theta=1 s,2.1000,298.1344
T,theta=1 s,2.1250,298.1572
T,theta=1 s,2.1375,298.1344
T,theta=1 s,2.1500,298.1344
T,theta=1 s,2.1875,298.1344
T,theta=1 s,2.2000,298.1344
T,theta=1 s,2.2125,298.1572
T,theta=1 s,2.2375,298.1572
T,theta=1 s,2.2500,298.1344
T,theta=1 s,2.2625,298.1344
T,theta=1 s,2.3000,298.0661
T,theta=1 s,2.3125,298.0889
T,theta=1 s,2.3250,298.0661
T,theta=1 s,2.3375,297.9523
T,theta=1 s,2.3500,297.9068
T,theta=1 s,2.3625,297.9523
T,theta=1 s,2.3750,297.7702
T,theta=1 s,2.3875,297.7474
T,theta=1 s,2.4000,297.5881
T,theta=1 s,2.4125,297.5198
T,theta=1 s,2.4250,297.4060
T,theta=1 s,2.4375,297.3149
T,theta=1 s,2.4500,297.1556
T,theta=1 s,2.4625,297.0418
T,theta=1 s,2.4750,296.9052
T,theta=1 s,2.4875,296.7914
T,theta=1 s,2.5000,296.5865
T,theta=1 s,2.5125,296.5183
T,theta=1 s,2.5250,296.3134
T,theta=1 s,2.5375,296.3134
T,theta=1 s,2.5500,296.1541
T,theta=1 s,2.5625,296.0858
T,theta=1 s,2.5750,295.9492
T,theta=1 s,2.5875,295.9037
T,theta=1 s,2.6000,295.7671
T,theta=1 s,2.6125,295.5850
T,theta=1 s,2.6250,295.5395
T,theta=1 s,2.6375,295.4484
T,theta=1 s,2.6500,295.3574
T,theta=1 s,2.6625,295.2436
T,theta=1 s,2.6750,295.1753
T,theta=1 s,2.6875,295.1297
T,theta=1 s,2.7000,294.9476
T,theta=1 s,2.7125,294.9476
T,theta=1 s,2.7250,294.7655
T,theta=1 s,2.7375,294.7883
T,theta=1 s,2.7500,294.6290
T,theta=1 s,2.7625,294.5834
T,theta=1 s,2.7750,294.5152
T,theta=1 s,2.7875,294.4013
T,theta=1 s,2.8000,294.4241
T,theta=1 s,2.8125,294.2420
T,theta=1 s,2.8250,294.2192
T,theta=1 s,2.8375,294.1510
T,theta=1 s,2.8500,294.0371
T,theta=1 s,2.8625,294.0599
T,theta=1 s,2.8750,293.8778
T,theta=1 s,2.8875,293.8550
T,theta=1 s,2.9000,293.8778
T,theta=1 s,2.9125,293.6957
T,theta=1 s,2.9250,293.7185
T,theta=1 s,2.9375,293.6047
T,theta=1 s,2.9500,293.5364
T,theta=1 s,2.9625,293.5364
T,theta=1 s,2.9750,293.3543
T,theta=1 s,2.9875,293.3543
T,theta=1 s,3.0000,293.3315
T,theta=1 s,3.0125,293.1722
T,theta=1 s,3.0250,293.1722
T,theta=1 s,3.0375,293.1722
T,theta=1 s,3.0500,293.0128
T,theta=1 s,3.0625,293.0128
T,theta=1 s,3.0750,293.0128
T,theta=1 s,3.0875,292.8535
T,theta=1 s,3.1000,292.8535
T,theta=1 s,3.1125,292.8535
T,theta=1 s,3.1250,292.6714
T,theta=1 s,3.1375,292.6714
T,theta=1 s,3.1500,292.6942
T,theta=1 s,3.1625,292.5348
T,theta=1 s,3.1750,292.5348
T,theta=1 s,3.1875,292.5121
T,theta=1 s,3.2125,292.3755
T,theta=1 s,3.2250,292.3527
T,theta=1 s,3.2500,292.2162
T,theta=1 s,3.2625,292.2162
T,theta=1 s,3.2750,292.2389
T,theta=1 s,3.3000,292.1023
T,theta=1 s,3.3125,292.0796
T,theta=1 s,3.3250,292.0796
T,theta=1 s,3.3500,291.9885
T,theta=1 s,3.3625,291.9430
T,theta=1 s,3.3750,291.9885
T,theta=1 s,3.4000,291.8747
T,theta=1 s,3.4125,291.8520
T,theta=1 s,3.4250,291.8520
T,theta=1 s,3.4500,291.7837
T,theta=1 s,3.4625,291.7609
T,theta=1 s,3.4750,291.7837
T,theta=1 s,3.5125,291.7154
T,theta=1 s,3.5250,291.6926
T,theta=1 s,3.5625,291.6699
T,theta=1 s,3.5750,291.6699
T,theta=1 s,3.5875,291.6471
T,theta=1 s,3.6250,291.6471
T,theta=1 s,3.6375,291.6471
T,theta=1 s,3.6500,291.6699
T,theta=1 s,3.6875,291.6243
T,theta=1 s,3.7000,291.6243
T,theta=1 s,3.7375,291.6016
T,theta=1 s,3.7500,291.6016
T,theta=1 s,3.7625,291.6016
T,theta=1 s,3.8000,291.6016
T,theta=1 s,3.8125,291.6016
T,theta=1 s,3.8250,291.6016
T,theta=1 s,3.8625,291.6016
T,theta=1 s,3.8750,291.6016
T,theta=1 s,3.9250,291.6016
T,theta=1 s,3.9375,291.6016
T,theta=1 s,3.9750,291.6016
T,theta=1 s,3.9875,291.6016
T,theta=1 s,4.0000,291.6016
T,theta=1 s,4.0375,291.6016
T,theta=1 s,4.0500,291.6016
T,theta=1 s,4.1000,291.6016
T,theta=1 s,4.1125,291.6016
T,theta=1 s,4.1500,291.6016
T,theta=1 s,4.1625,291.6016
T,theta=1 s,4.1750,291.6016
T,theta=1 s,4.2125,291.5788
T,theta=1 s,4.2250,291.5788
T,theta=1 s,4.2375,291.5788
T,theta=1 s,4.2750,291.5788
T,theta=1 s,4.2875,291.5788
T,theta=1 s,4.3250,291.6243
T,theta=1 s,4.3375,291.5788
T,theta=1 s,4.3500,291.5788
T,theta=1 s,4.3875,291.5788
T,theta=1 s,4.4000,291.5788
T,theta=1 s,4.4125,291.5788
T,theta=1 s,4.4500,291.5788
T,theta=1 s,4.4625,291.5788
T,theta=1 s,4.5125,291.5560
T,theta=1 s,4.5250,291.5560
T,theta=1 s,4.5625,291.5560
T,theta=1 s,4.5750,291.5560
T,theta=1 s,4.5875,291.5560
T,theta=1 s,4.6250,291.5560
T,theta=1 s,4.6375,291.5560
T,theta=1 s,4.6500,291.5560
T,theta=1 s,4.6875,291.5560
T,theta=1 s,4.7000,291.5560
T,theta=1 s,4.7500,291.5560
T,theta=1 s,4.7625,291.5560
T,theta=1 s,4.8000,291.5560
T,theta=1 s,4.8125,291.5560
T,theta=1 s,4.8250,291.5560
T,theta=1 s,4.8625,291.5560
T,theta=1 s,4.8750,291.5560
T,theta=1 s,4.9250,291.5560
T,theta=1 s,4.9375,291.5560
T,theta=1 s,4.9750,291.5560
T,theta=1 s,4.9875,291.5560
T,theta=1 s,5.0000,291.5560
T,theta=1 s,5.0375,291.5560
T,theta=1 s,5.0500,291.5560
T,theta=1 s,5.0625,291.5560
T,theta=1 s,5.1000,291.5560
T,theta=1 s,5.1125,291.5560
T,theta=1 s,5.1625,291.5560
T,theta=1 s,5.1750,291.5560
T,theta=1 s,5.2125,291.5560
T,theta=1 s,5.2250,291.5560
T,theta=1 s,5.2375,291.5560
T,theta=1 s,5.2750,291.5560
T,theta=1 s,5.2875,291.5560
T,theta=1 s,5.3375,291.5333
T,theta=1 s,5.3500,291.5333
T,theta=1 s,5.3875,291.5333
T,theta=1 s,5.4000,291.5333
T,theta=1 s,5.4125,291.5333
T,theta=1 s,5.4500,291.5333
T,theta=1 s,5.4625,291.5333
T,theta=1 s,5.4750,291.5333
T,theta=1 s,5.5125,291.5333
T,theta=1 s,5.5250,291.5333
T,theta=1 s,5.5750,291.5333
T,theta=1 s,5.5875,291.5333
T,theta=1 s,5.6250,291.5333
T,theta=1 s,5.6375,291.5333
T,theta=1 s,5.6500,291.5333
T,theta=1 s,5.6875,291.5105
T,theta=1 s,5.7000,291.5105
T,theta=1 s,5.7500,291.5105
T,theta=1 s,5.7625,291.5105
T,theta=1 s,5.8000,291.5105
T,theta=1 s,5.8125,291.5105
T,theta=1 s,5.8250,291.5105
T,theta=1 s,5.8625,291.5105
T,theta=1 s,5.8750,291.5105
T,theta=1 s,5.8875,291.5105
T,theta=1 s,5.9250,291.5105
T,theta=1 s,5.9375,291.5105
T,theta=1 s,5.9875,291.5105
T,theta=1 s,6.0000,291.5105
T,theta=1 s,6.0375,291.5105
T,theta=1 s,6.0500,291.5105
T,theta=1 s,6.0625,291.5105
T,theta=1 s,6.1000,291.5105
T,theta=1 s,6.1125,291.5105
T,theta=1 s,6.1625,291.5105
T,theta=1 s,6.1750,291.5105
T,theta=1 s,6.2125,291.5105
T,theta=1 s,6.2250,291.5105
T,theta=1 s,6.2375,291.5333
T,theta=1 s,6.2750,291.5105
T,theta=1 s,6.2875,291.5105
T,theta=1 s,6.3000,291.5105
T,theta=1 s,6.3250,291.5333
T,theta=1 s,6.3375,291.4878
T,theta=1 s,6.3500,291.4878
T,theta=1 s,6.3625,291.5333
T,theta=1 s,6.3875,291.4650
T,theta=1 s,6.4000,291.4650
T,theta=1 s,6.4125,291.4422
T,theta=1 s,6.4250,291.4878
T,theta=1 s,6.4500,291.3967
T,theta=1 s,6.4625,291.3967
T,theta=1 s,6.4750,291.3967
T,theta=1 s,6.5000,291.3057
T,theta=1 s,6.5125,291.2829
T,theta=1 s,6.5250,291.2829
T,theta=1 s,6.5375,291.1463
T,theta=1 s,6.5500,291.1236
T,theta=1 s,6.5625,291.0325
T,theta=1 s,6.5750,290.9415
T,theta=1 s,6.5875,290.9187
T,theta=1 s,6.6000,290.7594
T,theta=1 s,6.6125,290.6455
T,theta=1 s,6.6250,290.5545
T,theta=1 s,6.6375,290.3952
T,theta=1 s,6.6500,290.2358
T,theta=1 s,6.6625,290.1220
T,theta=1 s,6.6750,289.7350
T,theta=1 s,6.6875,289.5985
T,theta=1 s,6.7000,289.2570
T,theta=1 s,6.7125,289.0294
T,theta=1 s,6.7250,288.6424
T,theta=1 s,6.7375,288.3238
T,theta=1 s,6.7500,287.9140
T,theta=1 s,6.7625,287.5726
T,theta=1 s,6.7750,286.9808
T,theta=1 s,6.7875,286.6166
T,theta=1 s,6.8000,286.2524
T,theta=1 s,6.8125,285.6150
T,theta=1 s,6.8250,285.0460
T,theta=1 s,6.8375,284.5907
T,theta=1 s,6.8500,284.1355
T,theta=1 s,6.8625,283.5664
T,theta=1 s,6.8750,283.0656
T,theta=1 s,6.8875,282.7014
T,theta=1 s,6.9000,282.2234
T,theta=1 s,6.9125,281.8137
T,theta=1 s,6.9250,281.3812
T,theta=1 s,6.9375,280.9260
T,theta=1 s,6.9500,280.6301
T,theta=1 s,6.9625,280.1293
T,theta=1 s,6.9750,279.9244
T,theta=1 s,6.9875,279.6513
T,theta=1 s,7.0000,279.4464
T,theta=1 s,7.0125,279.1505
T,theta=1 s,7.0250,278.9456
T,theta=1 s,7.0375,278.7408
T,theta=1 s,7.0500,278.6042
T,theta=1 s,7.0625,278.4449
T,theta=1 s,7.0750,278.4221
T,theta=1 s,7.0875,278.2400
T,theta=1 s,7.1000,278.1945
T,theta=1 s,7.1125,278.0579
T,theta=1 s,7.1250,278.0579
T,theta=1 s,7.1500,277.8986
T,theta=1 s,7.1625,277.8758
T,theta=1 s,7.2000,277.8075
T,theta=1 s,7.2125,277.7848
T,theta=1 s,7.2250,277.8075
T,theta=1 s,7.2625,277.7392
T,theta=1 s,7.2750,277.7392
T,theta=1 s,7.3125,277.7165
T,theta=1 s,7.3250,277.7165
T,theta=1 s,7.3375,277.7165
T,theta=1 s,7.3750,277.7165
T,theta=1 s,7.3875,277.7165
T,theta=1 s,7.4375,277.7165
T,theta=1 s,7.4500,277.7165
T,theta=1 s,7.4875,277.7165
T,theta=1 s,7.5000,277.7165
T,theta=1 s,7.5125,277.7165
T,theta=1 s,7.5500,277.7165
T,theta=1 s,7.5625,277.7165
T,theta=1 s,7.5750,277.7165
T,theta=1 s,7.6125,277.7165
T,theta=1 s,7.6250,277.7165
T,theta=1 s,7.6750,277.6937
T,theta=1 s,7.6875,277.6937
T,theta=1 s,7.7250,277.6937
T,theta=1 s,7.7375,277.6937
T,theta=1 s,7.7500,277.6937
T,theta=1 s,7.7875,277.6937
T,theta=1 s,7.8000,277.6937
T,theta=1 s,7.8500,277.6937
T,theta=1 s,7.8625,277.6709
T,theta=1 s,7.9000,277.6709
T,theta=1 s,7.9125,277.6709
T,theta=1 s,7.9250,277.6709
T,theta=1 s,7.9625,277.6709
T,theta=1 s,7.9750,277.6709
T,theta=1 s,7.9875,277.6709
T,theta=1 s,8.0250,277.6709
T,theta=1 s,8.0375,277.6709
T,theta=1 s,8.0875,277.6709
T,theta=1 s,8.1000,277.6709
T,theta=1 s,8.1375,277.6709
T,theta=1 s,8.1500,277.6709
T,theta=1 s,8.1625,277.6709
T,theta=1 s,8.2000,277.6709
T,theta=1 s,8.2125,277.6709
T,theta=1 s,8.2625,277.6709
T,theta=1 s,8.2750,277.6709
T,theta=1 s,8.3125,277.6709
T,theta=1 s,8.3250,277.6709
T,theta=1 s,8.3375,277.6709
T,theta=1 s,8.3750,277.6709
T,theta=1 s,8.3875,277.6709
T,theta=1 s,8.4000,277.6709
T,theta=1 s,8.4375,277.6709
T,theta=1 s,8.4500,277.6709
T,theta=1 s,8.5000,277.6709
T,theta=1 s,8.5125,277.6709
T,theta=1 s,8.5500,277.6709
T,theta=1 s,8.5625,277.6709
T,theta=1 s,8.5750,277.6709
T,theta=1 s,8.6125,277.6709
T,theta=1 s,8.6250,277.6709
T,theta=1 s,8.6750,277.6482
T,theta=1 s,8.6875,277.6482
T,theta=1 s,8.7250,277.6482
T,theta=1 s,8.7375,277.6482
T,theta=1 s,8.7500,277.6482
T,theta=1 s,8.7875,277.6482
T,theta=1 s,8.8000,277.6482
T,theta=1 s,8.8125,277.6709
T,theta=1 s,8.8500,277.6482
T,theta=1 s,8.8625,277.6027
T,theta=1 s,8.8750,277.6482
T,theta=1 s,8.8875,277.4888
T,theta=1 s,8.9000,277.4661
T,theta=1 s,8.9125,277.4661
T,theta=1 s,8.9250,277.2840
T,theta=1 s,8.9375,277.2385
T,theta=1 s,8.9500,277.0564
T,theta=1 s,8.9625,276.7832
T,theta=1 s,8.9750,276.5556
T,theta=1 s,8.9875,276.1003
T,theta=1 s,9.0000,275.7817
T,theta=1 s,9.0125,275.3264
T,theta=1 s,9.0250,274.8256
T,theta=1 s,9.0375,274.5297
T,theta=1 s,9.0500,274.1200
T,theta=1 s,9.0625,273.8924
T,theta=1 s,9.0750,273.6420
T,theta=1 s,9.0875,273.4371
T,theta=1 s,9.1000,273.3006
T,theta=1 s,9.1125,273.2778
T,theta=1 s,9.1250,273.2778
T,theta=1 s,9.1375,273.1640
T,theta=1 s,9.1500,273.1640
T,theta=1 s,9.1625,273.1412
T,theta=1 s,9.1750,273.1867
T,theta=1 s,9.2000,273.1412
T,theta=1 s,9.2125,273.1412
T,theta=1 s,9.2250,273.1412
T,theta=1 s,9.2625,273.1412
T,theta=1 s,9.2750,273.1412
T,theta=1 s,9.2875,273.1412
T,theta=1 s,9.3250,273.1412
T,theta=1 s,9.3375,273.1412
T,theta=1 s,9.3750,273.1185
T,theta=1 s,9.3875,273.1412
T,theta=1 s,9.4000,273.1412
T,theta=1 s,9.4375,273.1412
T,theta=1 s,9.4500,273.1412
T,theta=1 s,9.4625,273.1412
T,theta=1 s,9.4875,273.1412
T,theta=1 s,9.5000,273.1412
T,theta=1 s,9.5125,273.1412
T,theta=1 s,9.5250,273.1185
T,theta=1 s,9.5500,273.1185
T,theta=1 s,9.5625,273.1412
T,theta=1 s,9.5750,273.1412
T,theta=1 s,9.5875,273.1412
T,theta=1 s,9.6125,273.1412
T,theta=1 s,9.6250,273.1412
T,theta=1 s,9.6375,273.1412
T,theta=1 s,9.6750,273.1412
T,theta=1 s,9.6875,273.1412
T,theta=1 s,9.7000,273.1412
T,theta=1 s,9.7375,273.1412
T,theta=1 s,9.7500,273.1412
T,theta=1 s,9.7875,273.0957
T,theta=1 s,9.8000,273.1412
T,theta=1 s,9.8125,273.1412
T,theta=1 s,9.8500,273.1412
T,theta=1 s,9.8625,273.1412
T,theta=1 s,9.8750,273.1412
T,theta=1 s,9.9125,273.1412
T,theta=1 s,9.9250,273.1412
T,theta=1 s,9.9375,273.1185
T,theta=1 s,9.9625,273.1185
T,theta=1 s,9.9750,273.1412
T,theta=1 s,9.9875,273.1412
T,theta=1 s,10.0000,273.1412
T,theta=1 s,10.0250,273.1412
T,theta=1 s,10.0375,273.1412
T,theta=1 s,10.0500,273.1412
T,theta=1 s,10.0875,273.1412
T,theta=1 s,10.1000,273.1412
T,theta=1 s,10.1125,273.1412
T,theta=1 s,10.1375,273.1412
T,theta=1 s,10.1500,273.1412
T,theta=1 s,10.1625,273.1412
T,theta=1 s,10.1750,273.1185
T,theta=1 s,10.2000,273.0957
T,theta=1 s,10.2125,273.1412
T,theta=1 s,10.2250,273.1412
T,theta=1 s,10.2625,273.1185
T,theta=1 s,10.2750,273.1412
T,theta=1 s,10.2875,273.1412
T,theta=1 s,10.3250,273.1412
T,theta=1 s,10.3375,273.1412
T,theta=1 s,10.3500,273.1185
T,theta=1 s,10.3750,273.1185
T,theta=1 s,10.3875,273.1412
T,theta=1 s,10.4000,273.1412
T,theta=1 s,10.4125,273.1412
T,theta=1 s,10.4375,273.1412
T,theta=1 s,10.4500,273.1412
T,theta=1 s,10.4625,273.1412
T,theta=1 s,10.5000,273.1412
T,theta=1 s,10.5125,273.1412
T,theta=1 s,10.5250,273.1412
T,theta=1 s,10.5500,273.1412
T,theta=1 s,10.5625,273.1412
T,theta=1 s,10.5750,273.1412
T,theta=1 s,10.5875,273.1185
T,theta=1 s,10.6125,273.1185
T,theta=1 s,10.6250,273.1412
T,theta=1 s,10.6375,273.1412
T,theta=1 s,10.6750,273.1185
T,theta=1 s,10.6875,273.1412
T,theta=1 s,10.7000,273.1412
T,theta=1 s,10.7375,273.1185
T,theta=1 s,10.7500,273.1412
T,theta=1 s,10.7625,273.0957
T,theta=1 s,10.7875,273.1412
T,theta=1 s,10.8000,273.1412
T,theta=1 s,10.8125,273.1412
T,theta=1 s,10.8250,273.1412
T,theta=1 s,10.8500,273.1412
T,theta=1 s,10.8625,273.1412
T,theta=1 s,10.8750,273.1412
T,theta=1 s,10.9125,273.1412
T,theta=1 s,10.9250,273.1412
T,theta=1 s,10.9375,273.1412
T,theta=1 s,10.9625,273.1412
T,theta=1 s,10.9750,273.1412
T,theta=1 s,10.9875,273.1412
T,theta=1 s,11.0000,273.1185
T,theta=1 s,11.0250,273.1185
T,theta=1 s,11.0375,273.1412
T,theta=1 s,11.0500,273.1412
T,theta=1 s,11.0625,273.1412
T,theta=1 s,11.0875,273.1412
T,theta=1 s,11.1000,273.1412
T,theta=1 s,11.1125,273.1412
T,theta=1 s,11.1500,273.1412
T,theta=1 s,11.1625,273.1412
T,theta=1 s,11.1750,273.0957
T,theta=1 s,11.2125,273.1412
T,theta=1 s,11.2250,273.1412
T,theta=1 s,11.2625,273.1412
T,theta=1 s,11.2750,273.1412
T,theta=1 s,11.2875,273.1412
T,theta=1 s,11.3250,273.1412
T,theta=1 s,11.3375,273.1412
T,theta=1 s,11.3500,273.1412
T,theta=1 s,11.3750,273.1412
T,theta=1 s,11.3875,273.1412
T,theta=1 s,11.4000,273.1412
T,theta=1 s,11.4125,273.1185
T,theta=1 s,11.4375,273.1185
T,theta=1 s,11.4500,273.1412
T,theta=1 s,11.4625,273.1412
T,theta=1 s,11.4750,273.1412
T,theta=1 s,11.5000,273.1412
T,theta=1 s,11.5125,273.1412
T,theta=1 s,11.5250,273.1412
T,theta=1 s,11.5625,273.1412
T,theta=1 s,11.5750,273.1412
T,theta=1 s,11.5875,273.1185
T,theta=1 s,11.6250,273.1412
T,theta=1 s,11.6375,273.1412
T,theta=1 s,11.6750,273.0957
T,theta=1 s,11.6875,273.1412
T,theta=1 s,11.7000,273.1412
T,theta=1 s,11.7375,273.1412
T,theta=1 s,11.7500,273.1412
T,theta=1 s,11.7625,273.1412
T,theta=1 s,11.7875,273.1412
T,theta=1 s,11.8000,273.1412
T,theta=1 s,11.8125,273.1412
T,theta=1 s,11.8250,273.1185
T,theta=1 s,11.8500,273.1185
T,theta=1 s,11.8625,273.1412
T,theta=1 s,11.8750,273.1412
T,theta=1 s,11.8875,273.1412
T,HEM,2.3625,298.1799
T,HEM,2.6000,298.1799
T,HEM,2.6125,298.1344
T,HEM,2.6250,298.1344
T,HEM,2.6625,298.1344
T,HEM,2.6750,298.1344
T,HEM,2.7375,298.1799
T,HEM,2.7750,298.1344
T,HEM,2.7875,298.1344
T,HEM,2.8000,298.1344
T,HEM,3.0750,298.1344
T,HEM,3.0875,298.1344
T,HEM,3.1000,298.1572
T,HEM,3.1250,298.1572
T,HEM,3.1375,298.1344
T,HEM,3.1500,298.1344
T,HEM,3.1875,298.1344
T,HEM,3.2000,298.1344
T,HEM,3.2125,298.1344
T,HEM,3.2500,298.1344
T,HEM,3.2625,298.1344
T,HEM,3.2750,298.1572
T,HEM,3.4875,298.1799
T,HEM,3.5000,298.1799
T,HEM,3.5375,298.1799
T,HEM,3.5500,298.1344
T,HEM,3.5625,298.1344
T,HEM,3.6000,298.1344
T,HEM,3.6125,298.1344
T,HEM,3.6250,298.1344
T,HEM,3.6625,298.1344
T,HEM,3.6750,298.1344
T,HEM,3.6875,298.1116
T,HEM,3.7125,298.0661
T,HEM,3.7250,298.0889
T,HEM,3.7375,298.0661
T,HEM,3.7625,297.9523
T,HEM,3.7750,297.9751
T,HEM,3.7875,297.9523
T,HEM,3.8000,297.9523
T,HEM,3.8125,297.8157
T,HEM,3.8250,297.8157
T,HEM,3.8375,297.8157
T,HEM,3.8500,297.6336
T,HEM,3.8625,297.6564
T,HEM,3.8750,297.4970
T,HEM,3.8875,297.4515
T,HEM,3.9000,297.3832
T,HEM,3.9125,297.2694
T,HEM,3.9250,297.2239
T,HEM,3.9375,297.0873
T,HEM,3.9500,296.9735
T,HEM,3.9625,296.8369
T,HEM,3.9750,296.7004
T,HEM,3.9875,296.6321
T,HEM,4.0000,296.4727
T,HEM,4.0125,296.3817
T,HEM,4.0250,296.2679
T,HEM,4.0375,296.0630
T,HEM,4.0500,295.9720
T,HEM,4.0625,295.8581
T,HEM,4.0750,295.5395
T,HEM,4.0875,295.3346
T,HEM,4.1000,295.1980
T,HEM,4.1125,295.0387
T,HEM,4.1250,294.9249
T,HEM,4.1375,294.8111
T,HEM,4.1625,294.1510
T,HEM,4.2000,293.5819
T,HEM,4.2125,293.5364
T,HEM,4.2250,293.3770
T,HEM,4.2375,293.3087
T,HEM,4.2500,293.0584
T,HEM,4.2625,292.7169
T,HEM,4.2750,292.5348
T,HEM,4.2875,292.3300
T,HEM,4.3000,292.1934
T,HEM,4.3125,292.0113
T,HEM,4.3250,291.9202
T,HEM,4.3375,291.7837
T,HEM,4.3500,291.5788
T,HEM,4.3625,291.3739
T,HEM,4.3750,291.1008
T,HEM,4.3875,290.8959
T,HEM,4.4000,290.7366
T,HEM,4.4125,290.4862
T,HEM,4.4250,290.3952
T,HEM,4.4375,290.2586
T,HEM,4.4500,290.0537
T,HEM,4.4625,289.9171
T,HEM,4.4750,289.7578
T,HEM,4.4875,289.5074
T,HEM,4.5000,289.3481
T,HEM,4.5125,289.1887
T,HEM,4.5250,289.0066
T,HEM,4.5375,288.8701
T,HEM,4.5500,288.6880
T,HEM,4.5625,288.4603
T,HEM,4.5750,288.3693
T,HEM,4.5875,288.2100
T,HEM,4.6000,288.0506
T,HEM,4.6125,287.8458
T,HEM,4.6250,287.7547
T,HEM,4.6375,287.6409
T,HEM,4.6500,287.4360
T,HEM,4.6625,287.3222
T,HEM,4.6750,287.1629
T,HEM,4.6875,287.1174
T,HEM,4.7000,286.9580
T,HEM,4.7125,286.8897
T,HEM,4.7250,286.7532
T,HEM,4.7375,286.5711
T,HEM,4.7500,286.5255
T,HEM,4.7625,286.3662
T,HEM,4.7750,286.3434
T,HEM,4.7875,286.1613
T,HEM,4.8000,286.1613
T,HEM,4.8125,286.1158
T,HEM,4.8250,285.9792
T,HEM,4.8375,285.9792
T,HEM,4.8500,285.7971
T,HEM,4.8625,285.7971
T,HEM,4.8750,285.7971
T,HEM,4.8875,285.7289
T,HEM,4.9000,285.6606
T,HEM,4.9125,285.6606
T,HEM,4.9250,285.6606
T,HEM,4.9500,285.5695
T,HEM,4.9625,285.5240
T,HEM,4.9750,285.5468
T,HEM,5.0000,285.4785
T,HEM,5.0125,285.4785
T,HEM,5.0250,285.4785
T,HEM,5.0625,285.4329
T,HEM,5.0750,285.4329
T,HEM,5.0875,285.4557
T,HEM,5.1250,285.4329
T,HEM,5.1375,285.4329
T,HEM,5.3750,285.4785
T,HEM,5.4125,285.4329
T,HEM,5.4250,285.4329
T,HEM,5.4375,285.4329
T,HEM,5.4750,285.4329
T,HEM,5.4875,285.4329
T,HEM,5.5000,285.4329
T,HEM,5.5375,285.4329
T,HEM,5.5500,285.4329
T,HEM,5.5625,285.4329
T,HEM,5.5875,285.4102
T,HEM,5.6000,285.4102
T,HEM,5.6125,285.3874
T,HEM,5.8500,285.4329
T,HEM,5.8875,285.4329
T,HEM,5.9000,285.4329
T,HEM,5.9125,285.4329
T,HEM,5.9625,285.3874
T,HEM,5.9750,285.4329
T,HEM,6.0000,285.4329
T,HEM,6.0125,285.4329
T,HEM,6.0250,285.4329
T,HEM,6.3125,285.3874
T,HEM,6.3250,285.4329
T,HEM,6.3625,285.4329
T,HEM,6.3750,285.4329
T,HEM,6.4375,285.4329
T,HEM,6.4750,285.4329
T,HEM,6.4875,285.4329
T,HEM,6.5000,285.4329
T,HEM,6.7875,285.4329
T,HEM,6.9125,285.4329
T,HEM,6.9500,285.4329
T,HEM,6.9625,285.4329
T,HEM,6.9750,285.4102
T,HEM,7.2625,285.4329
T,HEM,7.3000,285.4329
T,HEM,7.3125,285.4329
T,HEM,7.3250,285.4329
T,HEM,7.3750,285.4329
T,HEM,7.3875,285.4329
T,HEM,7.4250,285.4329
T,HEM,7.4375,285.4329
T,HEM,7.7250,285.4329
T,HEM,7.7375,285.4329
T,HEM,7.7750,285.4329
T,HEM,7.7875,285.4329
T,HEM,7.8000,285.4785
T,HEM,7.8375,285.4785
T,HEM,7.8500,285.4329
T,HEM,7.8875,285.4329
T,HEM,7.9000,285.4329
T,HEM,7.9125,285.4329
T,HEM,7.9500,285.4785
T,HEM,8.2000,285.4329
T,HEM,8.2125,285.4329
T,HEM,8.2500,285.4329
T,HEM,8.2625,285.4329
T,HEM,8.2750,285.4329
T,HEM,8.3000,285.4329
T,HEM,8.3125,285.4329
T,HEM,8.3250,285.4329
T,HEM,8.3625,285.4329
T,HEM,8.3750,285.4329
T,HEM,8.3875,285.4329
T,HEM,8.4250,285.4329
T,HEM,8.6000,285.4785
T,HEM,8.6125,285.4785
T,HEM,8.6250,285.4785
T,HEM,8.6625,285.4557
T,HEM,8.6750,285.4329
T,HEM,8.6875,285.4329
T,HEM,8.7125,285.4102
T,HEM,8.7250,285.4329
T,HEM,8.7375,285.4329
T,HEM,8.7625,285.3191
T,HEM,8.7750,285.2736
T,HEM,8.7875,285.0915
T,HEM,8.8000,284.6818
T,HEM,8.8125,284.0444
T,HEM,8.8250,283.3616
T,HEM,8.8375,282.5193
T,HEM,8.8500,280.7894
T,HEM,8.8625,276.4873
T,HEM,8.8750,275.3492
T,HEM,8.8875,274.4842
T,HEM,8.9000,273.8469
T,HEM,8.9125,273.4827
T,HEM,8.9250,273.3233
T,HEM,8.9375,273.1412
T,HEM,8.9500,273.1412
T,HEM,8.9625,273.1412
T,HEM,9.0000,273.1412
T,HEM,9.0125,273.1412
T,HEM,9.0250,273.1412
T,HEM,9.0625,273.1185
T,HEM,9.0750,273.0957
P,theta=1e-4 s,2.8375,64.3770
P,theta=1e-4 s,2.8500,64.3770
P,theta=1e-4 s,2.8625,64.3509
P,theta=1e-4 s,2.8750,64.3509
P,theta=1e-4 s,2.8875,64.3509
P,theta=1e-4 s,2.9000,64.3509
P,theta=1e-4 s,2.9125,64.3509
P,theta=1e-4 s,2.9250,64.3509
P,theta=1e-4 s,2.9375,64.3509
P,theta=1e-4 s,2.9500,64.3509
P,theta=1e-4 s,2.9625,64.3509
P,theta=1e-4 s,2.9750,64.3509
P,theta=1e-4 s,2.9875,64.3509
P,theta=1e-4 s,3.0000,64.3509
P,theta=1e-4 s,3.0125,64.3509
P,theta=1e-4 s,3.0250,64.3509
P,theta=1e-4 s,3.0375,64.3509
P,theta=1e-4 s,3.0500,64.3509
P,theta=1e-4 s,3.3000,64.3509
P,theta=1e-4 s,3.3125,64.3509
P,theta=1e-4 s,3.3250,64.3509
P,theta=1e-4 s,3.3375,64.3509
P,theta=1e-4 s,3.3500,64.3509
P,theta=1e-4 s,3.3625,64.3509
P,theta=1e-4 s,3.3750,64.3509
P,theta=1e-4 s,3.3875,64.3509
P,theta=1e-4 s,3.4000,64.3509
P,theta=1e-4 s,3.4125,64.3509
P,theta=1e-4 s,3.4250,64.3509
P,theta=1e-4 s,3.4375,64.3249
P,theta=1e-4 s,3.4500,64.3249
P,theta=1e-4 s,3.4625,64.3249
P,theta=1e-4 s,3.4750,64.2989
P,theta=1e-4 s,3.4875,64.2989
P,theta=1e-4 s,3.5000,64.2989
P,theta=1e-4 s,3.5125,64.2989
P,theta=1e-4 s,3.7250,63.7529
P,theta=1e-4 s,3.7375,63.7529
P,theta=1e-4 s,3.7500,63.7009
P,theta=1e-4 s,3.7625,63.5968
P,theta=1e-4 s,3.7750,63.5448
P,theta=1e-4 s,3.7875,63.4668
P,theta=1e-4 s,3.8000,63.3888
P,theta=1e-4 s,3.8125,63.2848
P,theta=1e-4 s,3.8250,63.2068
P,theta=1e-4 s,3.8375,63.1028
P,theta=1e-4 s,3.8500,63.0508
P,theta=1e-4 s,3.9375,62.0366
P,theta=1e-4 s,3.9500,61.9586
P,theta=1e-4 s,3.9625,61.8286
P,theta=1e-4 s,3.9750,61.6466
P,theta=1e-4 s,3.9875,61.4905
P,theta=1e-4 s,4.0000,61.3345
P,theta=1e-4 s,4.0125,61.2565
P,theta=1e-4 s,4.0750,60.1123
P,theta=1e-4 s,4.0875,60.0083
P,theta=1e-4 s,4.1000,59.8003
P,theta=1e-4 s,4.1125,59.5923
P,theta=1e-4 s,4.1250,59.4102
P,theta=1e-4 s,4.1375,59.3062
P,theta=1e-4 s,4.1875,58.1881
P,theta=1e-4 s,4.2000,58.0320
P,theta=1e-4 s,4.2125,57.8240
P,theta=1e-4 s,4.2250,57.6160
P,theta=1e-4 s,4.2375,57.4860
P,theta=1e-4 s,4.2875,56.3158
P,theta=1e-4 s,4.3000,56.1078
P,theta=1e-4 s,4.3125,55.9777
P,theta=1e-4 s,4.3250,55.7437
P,theta=1e-4 s,4.3375,55.5877
P,theta=1e-4 s,4.3875,54.4435
P,theta=1e-4 s,4.4000,54.3395
P,theta=1e-4 s,4.4125,54.1315
P,theta=1e-4 s,4.4250,53.9234
P,theta=1e-4 s,4.4375,53.7154
P,theta=1e-4 s,4.4500,53.6374
P,theta=1e-4 s,4.5000,52.5192
P,theta=1e-4 s,4.5125,52.4152
P,theta=1e-4 s,4.5250,52.2072
P,theta=1e-4 s,4.5375,51.9992
P,theta=1e-4 s,4.5500,51.8171
P,theta=1e-4 s,4.5625,51.7131
P,theta=1e-4 s,4.6250,50.6210
P,theta=1e-4 s,4.6375,50.5170
P,theta=1e-4 s,4.6500,50.3349
P,theta=1e-4 s,4.6625,50.1789
P,theta=1e-4 s,4.6750,50.0229
P,theta=1e-4 s,4.6875,49.8929
P,theta=1e-4 s,4.7000,49.8149
P,theta=1e-4 s,4.7750,48.8267
P,theta=1e-4 s,4.7875,48.8007
P,theta=1e-4 s,4.8000,48.6967
P,theta=1e-4 s,4.8125,48.5927
P,theta=1e-4 s,4.8250,48.5147
P,theta=1e-4 s,4.8375,48.4107
P,theta=1e-4 s,4.8500,48.3586
P,theta=1e-4 s,4.8625,48.2546
P,theta=1e-4 s,4.8750,48.2026
P,theta=1e-4 s,4.8875,48.1246
P,theta=1e-4 s,4.9000,48.0726
P,theta=1e-4 s,5.1125,47.6045
P,theta=1e-4 s,5.1250,47.6045
P,theta=1e-4 s,5.1375,47.5785
P,theta=1e-4 s,5.1500,47.5785
P,theta=1e-4 s,5.1625,47.6045
P,theta=1e-4 s,5.1750,47.5785
P,theta=1e-4 s,5.1875,47.5785
P,theta=1e-4 s,5.2000,47.5785
P,theta=1e-4 s,5.2125,47.5785
P,theta=1e-4 s,5.2250,47.5785
P,theta=1e-4 s,5.2375,47.5785
P,theta=1e-4 s,5.2500,47.5785
P,theta=1e-4 s,5.2625,47.5785
P,theta=1e-4 s,5.2750,47.5785
P,theta=1e-4 s,5.2875,47.5785
P,theta=1e-4 s,5.3000,47.5525
P,theta=1e-4 s,5.3125,47.5785
P,theta=1e-4 s,5.3250,47.5785
P,theta=1e-4 s,5.3375,47.5785
P,theta=1e-4 s,5.5875,47.5785
P,theta=1e-4 s,5.6000,47.5785
P,theta=1e-4 s,6.0500,47.5785
P,theta=1e-4 s,6.0625,47.5785
P,theta=1e-4 s,6.5250,47.5785
P,theta=1e-4 s,6.5375,47.5785
P,theta=1e-4 s,6.9875,47.5785
P,theta=1e-4 s,7.4625,47.5785
P,theta=1e-4 s,7.4750,47.5785
P,theta=1e-4 s,7.9375,47.5785
P,theta=1e-4 s,7.9500,47.5785
P,theta=1e-4 s,8.1500,47.5785
P,theta=1e-4 s,8.4000,47.5785
P,theta=1e-4 s,8.4125,47.5785
P,theta=1e-4 s,8.4250,47.5525
P,theta=1e-4 s,8.4375,47.5785
P,theta=1e-4 s,8.4500,47.5785
P,theta=1e-4 s,8.4625,47.5525
P,theta=1e-4 s,8.4750,47.5785
P,theta=1e-4 s,8.4875,47.5525
P,theta=1e-4 s,8.5000,47.5785
P,theta=1e-4 s,8.5125,47.5785
P,theta=1e-4 s,8.5250,47.5785
P,theta=1e-4 s,8.5375,47.5785
P,theta=1e-4 s,8.5500,47.5525
P,theta=1e-4 s,8.5625,47.5525
P,theta=1e-4 s,8.5750,47.5525
P,theta=1e-4 s,8.5875,47.5525
P,theta=1e-4 s,8.6000,47.5525
P,theta=1e-4 s,8.6125,47.5525
P,theta=1e-4 s,8.7500,46.7464
P,theta=1e-4 s,8.7625,46.6164
P,theta=1e-4 s,8.7750,46.3043
P,theta=1e-4 s,8.7875,46.0703
P,theta=1e-4 s,8.8000,44.7441
P,theta=1e-4 s,8.8125,44.4581
P,theta=1e-4 s,8.8250,42.8979
P,theta=1e-4 s,8.8375,42.4298
P,theta=1e-4 s,8.8500,40.5575
P,theta=1e-4 s,8.8625,38.9193
P,theta=1e-4 s,8.8750,38.4512
P,theta=1e-4 s,8.8875,36.5789
P,theta=1e-4 s,8.9000,36.3189
P,theta=1e-4 s,8.9250,35.0187
P,theta=1e-4 s,8.9375,34.9407
P,theta=1e-4 s,8.9500,34.8107
P,theta=1e-4 s,8.9625,34.7587
P,theta=1e-4 s,8.9750,34.7067
P,theta=1e-4 s,8.9875,34.7067
P,theta=1e-4 s,9.0000,34.7067
P,theta=1e-4 s,9.0125,34.6807
P,theta=1e-4 s,9.0250,34.6807
P,theta=1e-4 s,9.0375,34.6807
P,theta=1e-4 s,9.0500,34.6807
P,theta=1e-4 s,9.0750,34.6287
P,theta=0.001 s,2.3625,64.3770
P,theta=0.001 s,2.3750,64.3770
P,theta=0.001 s,2.3875,64.3509
P,theta=0.001 s,2.4000,64.3509
P,theta=0.001 s,2.4125,64.3509
P,theta=0.001 s,2.4250,64.3509
P,theta=0.001 s,2.4375,64.3509
P,theta=0.001 s,2.4500,64.3509
P,theta=0.001 s,2.4625,64.3509
P,theta=0.001 s,2.4750,64.3509
P,theta=0.001 s,2.4875,64.3509
P,theta=0.001 s,2.5000,64.3509
P,theta=0.001 s,2.5125,64.3509
P,theta=0.001 s,2.5250,64.3509
P,theta=0.001 s,2.5375,64.3509
P,theta=0.001 s,2.5500,64.3509
P,theta=0.001 s,2.5625,64.3509
P,theta=0.001 s,2.5750,64.3509
P,theta=0.001 s,2.6875,64.3249
P,theta=0.001 s,2.7000,64.3509
P,theta=0.001 s,2.7125,64.2989
P,theta=0.001 s,2.7250,64.3249
P,theta=0.001 s,2.8250,64.2729
P,theta=0.001 s,2.8375,64.2729
P,theta=0.001 s,2.8500,64.2729
P,theta=0.001 s,2.8625,64.2469
P,theta=0.001 s,2.8750,64.2469
P,theta=0.001 s,2.8875,64.2469
P,theta=0.001 s,2.9000,64.2469
P,theta=0.001 s,2.9125,64.2209
P,theta=0.001 s,2.9250,64.1949
P,theta=0.001 s,2.9375,64.1949
P,theta=0.001 s,2.9500,64.1949
P,theta=0.001 s,2.9625,64.1949
P,theta=0.001 s,2.9750,64.1689
P,theta=0.001 s,2.9875,64.1429
P,theta=0.001 s,3.0000,64.1429
P,theta=0.001 s,3.0125,64.1429
P,theta=0.001 s,3.0250,64.0909
P,theta=0.001 s,3.0375,64.0909
P,theta=0.001 s,3.1375,63.9089
P,theta=0.001 s,3.1500,63.9349
P,theta=0.001 s,3.1625,63.8829
P,theta=0.001 s,3.1750,63.8829
P,theta=0.001 s,3.2625,63.6488
P,theta=0.001 s,3.2750,63.6748
P,theta=0.001 s,3.2875,63.6228
P,theta=0.001 s,3.3000,63.6228
P,theta=0.001 s,3.3125,63.5708
P,theta=0.001 s,3.3250,63.5188
P,theta=0.001 s,3.3375,63.5188
P,theta=0.001 s,3.3500,63.4668
P,theta=0.001 s,3.3625,63.4148
P,theta=0.001 s,3.3750,63.3888
P,theta=0.001 s,3.3875,63.3628
P,theta=0.001 s,3.4000,63.3108
P,theta=0.001 s,3.4125,63.2588
P,theta=0.001 s,3.4250,63.2328
P,theta=0.001 s,3.4375,63.1808
P,theta=0.001 s,3.4500,63.1548
P,theta=0.001 s,3.5250,62.8167
P,theta=0.001 s,3.5375,62.7907
P,theta=0.001 s,3.5500,62.7387
P,theta=0.001 s,3.6250,62.3487
P,theta=0.001 s,3.6375,62.2967
P,theta=0.001 s,3.6500,62.2446
P,theta=0.001 s,3.6625,62.1666
P,theta=0.001 s,3.6750,62.0886
P,theta=0.001 s,3.6875,62.0366
P,theta=0.001 s,3.7000,61.9326
P,theta=0.001 s,3.7125,61.8806
P,theta=0.001 s,3.7250,61.8026
P,theta=0.001 s,3.7375,61.7246
P,theta=0.001 s,3.7500,61.6726
P,theta=0.001 s,3.8000,61.2565
P,theta=0.001 s,3.8125,61.2045
P,theta=0.001 s,3.8250,61.1785
P,theta=0.001 s,3.8750,60.7104
P,theta=0.001 s,3.8875,60.6584
P,theta=0.001 s,3.9000,60.5544
P,theta=0.001 s,3.9125,60.4504
P,theta=0.001 s,3.9250,60.3464
P,theta=0.001 s,3.9375,60.2424
P,theta=0.001 s,3.9500,60.1383
P,theta=0.001 s,3.9625,60.0343
P,theta=0.001 s,3.9750,59.9563
P,theta=0.001 s,4.0125,59.4882
P,theta=0.001 s,4.0250,59.4622
P,theta=0.001 s,4.0375,59.3842
P,theta=0.001 s,4.0625,58.9682
P,theta=0.001 s,4.0750,58.9162
P,theta=0.001 s,4.0875,58.8121
P,theta=0.001 s,4.1000,58.6821
P,theta=0.001 s,4.1125,58.5521
P,theta=0.001 s,4.1250,58.4221
P,theta=0.001 s,4.1375,58.2921
P,theta=0.001 s,4.1500,58.1881
P,theta=0.001 s,4.1625,58.1361
P,theta=0.001 s,4.1875,57.6680
P,theta=0.001 s,4.2000,57.6420
P,theta=0.001 s,4.2375,57.0959
P,theta=0.001 s,4.2500,57.0439
P,theta=0.001 s,4.2625,56.9139
P,theta=0.001 s,4.2750,56.7318
P,theta=0.001 s,4.2875,56.5758
P,theta=0.001 s,4.3000,56.4458
P,theta=0.001 s,4.3125,56.3418
P,theta=0.001 s,4.3500,55.7957
P,theta=0.001 s,4.3625,55.7697
P,theta=0.001 s,4.3875,55.2756
P,theta=0.001 s,4.4000,55.2236
P,theta=0.001 s,4.4125,55.0936
P,theta=0.001 s,4.4250,54.9376
P,theta=0.001 s,4.4375,54.7816
P,theta=0.001 s,4.4500,54.6255
P,theta=0.001 s,4.4625,54.5215
P,theta=0.001 s,4.4750,54.4435
P,theta=0.001 s,4.5000,53.9494
P,theta=0.001 s,4.5125,53.8714
P,theta=0.001 s,4.5375,53.4554
P,theta=0.001 s,4.5500,53.3774
P,theta=0.001 s,4.5625,53.2734
P,theta=0.001 s,4.5750,53.1433
P,theta=0.001 s,4.5875,52.9873
P,theta=0.001 s,4.6000,52.8313
P,theta=0.001 s,4.6125,52.6753
P,theta=0.001 s,4.6250,52.6493
P,theta=0.001 s,4.6500,52.1552
P,theta=0.001 s,4.6625,52.1032
P,theta=0.001 s,4.6750,52.0772
P,theta=0.001 s,4.7000,51.6351
P,theta=0.001 s,4.7125,51.5571
P,theta=0.001 s,4.7250,51.4791
P,theta=0.001 s,4.7375,51.3491
P,theta=0.001 s,4.7500,51.2191
P,theta=0.001 s,4.7625,51.0890
P,theta=0.001 s,4.7750,50.9590
P,theta=0.001 s,4.7875,50.8290
P,theta=0.001 s,4.8000,50.8030
P,theta=0.001 s,4.8375,50.3609
P,theta=0.001 s,4.8500,50.2829
P,theta=0.001 s,4.9000,49.8409
P,theta=0.001 s,4.9125,49.7628
P,theta=0.001 s,4.9250,49.6848
P,theta=0.001 s,4.9375,49.5808
P,theta=0.001 s,4.9500,49.5028
P,theta=0.001 s,4.9625,49.3988
P,theta=0.001 s,4.9750,49.3208
P,theta=0.001 s,4.9875,49.2428
P,theta=0.001 s,5.0000,49.1648
P,theta=0.001 s,5.0125,49.0867
P,theta=0.001 s,5.0250,49.0867
P,theta=0.001 s,5.0750,48.6707
P,theta=0.001 s,5.0875,48.6707
P,theta=0.001 s,5.1000,48.6187
P,theta=0.001 s,5.1125,48.6187
P,theta=0.001 s,5.1875,48.2806
P,theta=0.001 s,5.2000,48.2286
P,theta=0.001 s,5.2125,48.1766
P,theta=0.001 s,5.2250,48.1766
P,theta=0.001 s,5.2375,48.1246
P,theta=0.001 s,5.2500,48.0726
P,theta=0.001 s,5.2625,48.0726
P,theta=0.001 s,5.2750,48.0206
P,theta=0.001 s,5.2875,48.0206
P,theta=0.001 s,5.3000,47.9686
P,theta=0.001 s,5.3125,47.9426
P,theta=0.001 s,5.3250,47.9166
P,theta=0.001 s,5.3375,47.9166
P,theta=0.001 s,5.3500,47.8646
P,theta=0.001 s,5.3625,47.8646
P,theta=0.001 s,5.3750,47.8386
P,theta=0.001 s,5.4750,47.7086
P,theta=0.001 s,5.4875,47.7086
P,theta=0.001 s,5.5000,47.7086
P,theta=0.001 s,5.5125,47.6825
P,theta=0.001 s,5.6125,47.6305
P,theta=0.001 s,5.6250,47.6305
P,theta=0.001 s,5.6375,47.6305
P,theta=0.001 s,5.6500,47.6045
P,theta=0.001 s,5.6625,47.6045
P,theta=0.001 s,5.6750,47.6045
P,theta=0.001 s,5.6875,47.6045
P,theta=0.001 s,5.7000,47.6045
P,theta=0.001 s,5.7125,47.6045
P,theta=0.001 s,5.7250,47.6045
P,theta=0.001 s,5.7375,47.5785
P,theta=0.001 s,5.7500,47.6045
P,theta=0.001 s,5.7625,47.5785
P,theta=0.001 s,5.7750,47.6045
P,theta=0.001 s,5.7875,47.5785
P,theta=0.001 s,5.8000,47.5785
P,theta=0.001 s,5.8125,47.5785
P,theta=0.001 s,5.8250,47.5785
P,theta=0.001 s,5.8375,47.5785
P,theta=0.001 s,5.9500,47.5525
P,theta=0.001 s,5.9625,47.5785
P,theta=0.001 s,5.9750,47.5785
P,theta=0.001 s,6.0875,47.5785
P,theta=0.001 s,6.1000,47.5785
P,theta=0.001 s,6.1125,47.5525
P,theta=0.001 s,6.1250,47.5525
P,theta=0.001 s,6.1375,47.5785
P,theta=0.001 s,6.1500,47.5785
P,theta=0.001 s,6.1625,47.5525
P,theta=0.001 s,6.1750,47.5525
P,theta=0.001 s,6.1875,47.5525
P,theta=0.001 s,6.2000,47.5785
P,theta=0.001 s,6.2125,47.5785
P,theta=0.001 s,6.2250,47.5525
P,theta=0.001 s,6.2375,47.5525
P,theta=0.001 s,6.2500,47.5785
P,theta=0.001 s,6.2625,47.5785
P,theta=0.001 s,6.2750,47.5785
P,theta=0.001 s,6.2875,47.5785
P,theta=0.001 s,6.3000,47.5525
P,theta=0.001 s,6.4125,47.5785
P,theta=0.001 s,6.4250,47.5525
P,theta=0.001 s,6.4375,47.5785
P,theta=0.001 s,6.5500,47.5785
P,theta=0.001 s,6.5625,47.5785
P,theta=0.001 s,6.5750,47.5525
P,theta=0.001 s,6.5875,47.5785
P,theta=0.001 s,6.6000,47.5525
P,theta=0.001 s,6.6125,47.5785
P,theta=0.001 s,6.6250,47.5785
P,theta=0.001 s,6.6375,47.5525
P,theta=0.001 s,6.6500,47.5785
P,theta=0.001 s,6.7000,47.5265
P,theta=0.001 s,7.0375,47.5785
P,theta=0.001 s,7.0500,47.5525
P,theta=0.001 s,7.0625,47.5785
P,theta=0.001 s,7.0750,47.5785
P,theta=0.001 s,7.1375,47.5785
P,theta=0.001 s,7.1500,47.5785
P,theta=0.001 s,7.1625,47.5525
P,theta=0.001 s,7.1750,47.5785
P,theta=0.001 s,7.5000,47.5785
P,theta=0.001 s,7.5125,47.5785
P,theta=0.001 s,7.5250,47.5525
P,theta=0.001 s,7.5375,47.5525
P,theta=0.001 s,7.5500,47.5785
P,theta=0.001 s,7.5625,47.5785
P,theta=0.001 s,7.5750,47.5785
P,theta=0.001 s,7.5875,47.5525
P,theta=0.001 s,7.6000,47.5525
P,theta=0.001 s,7.6125,47.5785
P,theta=0.001 s,7.6250,47.5785
P,theta=0.001 s,7.6375,47.5525
P,theta=0.001 s,7.6500,47.5525
P,theta=0.001 s,7.6625,47.5525
P,theta=0.001 s,7.6750,47.5785
P,theta=0.001 s,7.6875,47.5785
P,theta=0.001 s,7.7000,47.5525
P,theta=0.001 s,7.7125,47.5785
P,theta=0.001 s,7.8250,47.5785
P,theta=0.001 s,7.8375,47.5525
P,theta=0.001 s,7.8500,47.5785
P,theta=0.001 s,7.9625,47.5525
P,theta=0.001 s,7.9750,47.5525
P,theta=0.001 s,7.9875,47.5525
P,theta=0.001 s,8.0000,47.5525
P,theta=0.001 s,8.0125,47.5525
P,theta=0.001 s,8.0250,47.5525
P,theta=0.001 s,8.0375,47.5525
P,theta=0.001 s,8.0500,47.5525
P,theta=0.001 s,8.0625,47.5525
P,theta=0.001 s,8.0750,47.5525
P,theta=0.001 s,8.0875,47.5265
P,theta=0.001 s,8.1000,47.5265
P,theta=0.001 s,8.1125,47.5265
P,theta=0.001 s,8.1250,47.5265
P,theta=0.001 s,8.1375,47.5265
P,theta=0.001 s,8.1500,47.5005
P,theta=0.001 s,8.1625,47.5005
P,theta=0.001 s,8.1750,47.5005
P,theta=0.001 s,8.1875,47.5265
P,theta=0.001 s,8.2875,47.4225
P,theta=0.001 s,8.3000,47.3965
P,theta=0.001 s,8.3125,47.3965
P,theta=0.001 s,8.3250,47.4225
P,theta=0.001 s,8.4125,47.2145
P,theta=0.001 s,8.4250,47.1885
P,theta=0.001 s,8.4375,47.1885
P,theta=0.001 s,8.4500,47.1365
P,theta=0.001 s,8.4625,47.0845
P,theta=0.001 s,8.4750,47.0845
P,theta=0.001 s,8.4875,47.0325
P,theta=0.001 s,8.5000,46.9804
P,theta=0.001 s,8.5125,46.9544
P,theta=0.001 s,8.5250,46.9024
P,theta=0.001 s,8.5375,46.8504
P,theta=0.001 s,8.5500,46.7984
P,theta=0.001 s,8.5625,46.7464
P,theta=0.001 s,8.5750,46.6424
P,theta=0.001 s,8.5875,46.6424
P,theta=0.001 s,8.6375,46.2263
P,theta=0.001 s,8.6500,46.1743
P,theta=0.001 s,8.6625,46.1483
P,theta=0.001 s,8.7000,45.6803
P,theta=0.001 s,8.7125,45.6022
P,theta=0.001 s,8.7250,45.4462
P,theta=0.001 s,8.7375,45.2902
P,theta=0.001 s,8.7500,45.1082
P,theta=0.001 s,8.7625,44.9522
P,theta=0.001 s,8.7750,44.8741
P,theta=0.001 s,8.8000,44.4061
P,theta=0.001 s,8.8250,43.6780
P,theta=0.001 s,8.8375,43.4699
P,theta=0.001 s,8.8500,43.2099
P,theta=0.001 s,8.8625,43.0279
P,theta=0.001 s,8.8750,42.4038
P,theta=0.001 s,8.8875,41.7277
P,theta=0.001 s,8.9000,41.3636
P,theta=0.001 s,8.9125,40.9996
P,theta=0.001 s,8.9250,39.6734
P,theta=0.001 s,8.9375,39.2573
P,theta=0.001 s,8.9500,37.8791
P,theta=0.001 s,8.9625,37.4891
P,theta=0.001 s,8.9750,36.6050
P,theta=0.001 s,8.9875,35.8768
P,theta=0.001 s,9.0000,35.6168
P,theta=0.001 s,9.0125,35.3048
P,theta=0.001 s,9.0250,35.1747
P,theta=0.001 s,9.0625,34.7327
P,theta=0.001 s,9.0750,34.7067
P,theta=0.001 s,9.0875,34.7067
P,theta=0.001 s,9.1000,34.6807
P,theta=0.005 s,2.3625,64.2989
P,theta=0.005 s,2.3750,64.2989
P,theta=0.005 s,2.3875,64.2469
P,theta=0.005 s,2.4000,64.1949
P,theta=0.005 s,2.4125,64.1429
P,theta=0.005 s,2.4250,64.1169
P,theta=0.005 s,2.4375,64.0389
P,theta=0.005 s,2.4500,63.9609
P,theta=0.005 s,2.4625,63.9089
P,theta=0.005 s,2.4750,63.8049
P,theta=0.005 s,2.4875,63.7529
P,theta=0.005 s,2.5000,63.7009
P,theta=0.005 s,2.5250,63.3888
P,theta=0.005 s,2.5375,63.3888
P,theta=0.005 s,2.5500,63.3368
P,theta=0.005 s,2.5875,63.0508
P,theta=0.005 s,2.6000,62.9988
P,theta=0.005 s,2.6500,62.7387
P,theta=0.005 s,2.6625,62.6867
P,theta=0.005 s,2.6750,62.6347
P,theta=0.005 s,2.6875,62.5827
P,theta=0.005 s,2.7000,62.5307
P,theta=0.005 s,2.7125,62.4787
P,theta=0.005 s,2.7250,62.4267
P,theta=0.005 s,2.7375,62.3747
P,theta=0.005 s,2.7500,62.3227
P,theta=0.005 s,2.7625,62.2706
P,theta=0.005 s,2.7750,62.2186
P,theta=0.005 s,2.7875,62.2186
P,theta=0.005 s,2.8500,61.9586
P,theta=0.005 s,2.8625,61.9326
P,theta=0.005 s,2.9250,61.6986
P,theta=0.005 s,2.9375,61.6466
P,theta=0.005 s,3.0000,61.4385
P,theta=0.005 s,3.0125,61.4385
P,theta=0.005 s,3.0250,61.3865
P,theta=0.005 s,3.0375,61.3345
P,theta=0.005 s,3.0500,61.2825
P,theta=0.005 s,3.0625,61.2305
P,theta=0.005 s,3.0750,61.1785
P,theta=0.005 s,3.0875,61.1265
P,theta=0.005 s,3.1000,61.1265
P,theta=0.005 s,3.1125,61.0745
P,theta=0.005 s,3.1250,61.0225
P,theta=0.005 s,3.1375,60.9705
P,theta=0.005 s,3.1500,60.9185
P,theta=0.005 s,3.2000,60.6844
P,theta=0.005 s,3.2125,60.7104
P,theta=0.005 s,3.2250,60.6584
P,theta=0.005 s,3.2750,60.4244
P,theta=0.005 s,3.2875,60.3984
P,theta=0.005 s,3.3000,60.3724
P,theta=0.005 s,3.3500,60.1383
P,theta=0.005 s,3.3625,60.0863
P,theta=0.005 s,3.3750,60.0343
P,theta=0.005 s,3.3875,60.0083
P,theta=0.005 s,3.4000,59.9563
P,theta=0.005 s,3.4125,59.9043
P,theta=0.005 s,3.4250,59.8523
P,theta=0.005 s,3.4375,59.8003
P,theta=0.005 s,3.4500,59.7223
P,theta=0.005 s,3.4625,59.6703
P,theta=0.005 s,3.4750,59.6443
P,theta=0.005 s,3.4875,59.5663
P,theta=0.005 s,3.5375,59.3322
P,theta=0.005 s,3.5500,59.3062
P,theta=0.005 s,3.5625,59.2802
P,theta=0.005 s,3.6000,59.0202
P,theta=0.005 s,3.6125,58.9942
P,theta=0.005 s,3.6250,58.9682
P,theta=0.005 s,3.6750,58.7081
P,theta=0.005 s,3.6875,58.6561
P,theta=0.005 s,3.7000,58.5781
P,theta=0.005 s,3.7125,58.5261
P,theta=0.005 s,3.7250,58.4741
P,theta=0.005 s,3.7375,58.3961
P,theta=0.005 s,3.7500,58.3441
P,theta=0.005 s,3.7625,58.2661
P,theta=0.005 s,3.7750,58.2141
P,theta=0.005 s,3.7875,58.1621
P,theta=0.005 s,3.8000,58.1100
P,theta=0.005 s,3.8500,57.8240
P,theta=0.005 s,3.8625,57.7980
P,theta=0.005 s,3.9000,57.5120
P,theta=0.005 s,3.9125,57.4860
P,theta=0.005 s,3.9250,57.4600
P,theta=0.005 s,3.9625,57.1999
P,theta=0.005 s,3.9750,57.1479
P,theta=0.005 s,3.9875,57.1219
P,theta=0.005 s,4.0000,57.0179
P,theta=0.005 s,4.0125,56.9399
P,theta=0.005 s,4.0250,56.8879
P,theta=0.005 s,4.0375,56.8099
P,theta=0.005 s,4.0500,56.7318
P,theta=0.005 s,4.0625,56.6798
P,theta=0.005 s,4.0750,56.5758
P,theta=0.005 s,4.0875,56.5498
P,theta=0.005 s,4.1250,56.2638
P,theta=0.005 s,4.1375,56.2378
P,theta=0.005 s,4.1500,56.2118
P,theta=0.005 s,4.1875,55.9257
P,theta=0.005 s,4.2000,57.0959
P,theta=0.005 s,4.2375,55.5877
P,theta=0.005 s,4.2500,55.5877
P,theta=0.005 s,4.2625,55.5097
P,theta=0.005 s,4.2750,55.4317
P,theta=0.005 s,4.2875,55.3537
P,theta=0.005 s,4.3000,55.2756
P,theta=0.005 s,4.3125,55.1976
P,theta=0.005 s,4.3250,55.1196
P,theta=0.005 s,4.3375,55.0676
P,theta=0.005 s,4.3500,54.9636
P,theta=0.005 s,4.3625,54.9636
P,theta=0.005 s,4.4000,54.6776
P,theta=0.005 s,4.4125,54.6255
P,theta=0.005 s,4.4500,53.6894
P,theta=0.005 s,4.4625,54.2875
P,theta=0.005 s,4.4750,54.2875
P,theta=0.005 s,4.5125,54.0015
P,theta=0.005 s,4.5250,53.9234
P,theta=0.005 s,4.5375,53.8714
P,theta=0.005 s,4.5500,53.7674
P,theta=0.005 s,4.5625,53.7154
P,theta=0.005 s,4.5750,53.6114
P,theta=0.005 s,4.5875,53.5594
P,theta=0.005 s,4.6000,53.4814
P,theta=0.005 s,4.6125,53.4034
P,theta=0.005 s,4.6250,53.3514
P,theta=0.005 s,4.6750,53.0393
P,theta=0.005 s,4.7250,52.7273
P,theta=0.005 s,4.7375,52.7013
P,theta=0.005 s,4.7750,52.4152
P,theta=0.005 s,4.7875,52.3892
P,theta=0.005 s,4.8000,52.3372
P,theta=0.005 s,4.8125,52.2592
P,theta=0.005 s,4.8250,52.1812
P,theta=0.005 s,4.8375,52.1292
P,theta=0.005 s,4.8500,52.0512
P,theta=0.005 s,4.8625,51.9732
P,theta=0.005 s,4.8750,51.9212
P,theta=0.005 s,4.8875,51.8431
P,theta=0.005 s,4.9000,51.7911
P,theta=0.005 s,4.9500,51.5051
P,theta=0.005 s,4.9625,51.4531
P,theta=0.005 s,5.0125,51.1931
P,theta=0.005 s,5.0250,51.1410
P,theta=0.005 s,5.0750,50.8810
P,theta=0.005 s,5.0875,50.8290
P,theta=0.005 s,5.1000,50.8030
P,theta=0.005 s,5.1125,50.7510
P,theta=0.005 s,5.1250,50.6990
P,theta=0.005 s,5.1375,50.6470
P,theta=0.005 s,5.1500,50.5950
P,theta=0.005 s,5.1625,47.6305
P,theta=0.005 s,5.2625,50.0489
P,theta=0.005 s,5.2750,49.9969
P,theta=0.005 s,5.3000,47.5265
P,theta=0.005 s,5.3375,49.7628
P,theta=0.005 s,5.3500,49.7368
P,theta=0.005 s,5.4125,49.5288
P,theta=0.005 s,5.4250,49.4768
P,theta=0.005 s,5.4375,49.4248
P,theta=0.005 s,5.4500,49.3728
P,theta=0.005 s,5.4625,49.3728
P,theta=0.005 s,5.4750,49.3208
P,theta=0.005 s,5.4875,49.2688
P,theta=0.005 s,5.5000,49.2168
P,theta=0.005 s,5.5125,49.2168
P,theta=0.005 s,5.5250,49.1648
P,theta=0.005 s,5.5375,49.1128
P,theta=0.005 s,5.5500,49.0867
P,theta=0.005 s,5.5625,49.0607
P,theta=0.005 s,5.5750,49.0347
P,theta=0.005 s,5.6375,48.8527
P,theta=0.005 s,5.6500,48.8267
P,theta=0.005 s,5.6625,48.8267
P,theta=0.005 s,5.7250,48.6447
P,theta=0.005 s,5.7375,48.6187
P,theta=0.005 s,5.8125,48.4627
P,theta=0.005 s,5.8250,48.4367
P,theta=0.005 s,5.8375,48.4367
P,theta=0.005 s,5.8500,48.4107
P,theta=0.005 s,5.8625,48.3846
P,theta=0.005 s,5.8750,48.3586
P,theta=0.005 s,5.8875,48.3326
P,theta=0.005 s,5.9000,48.3066
P,theta=0.005 s,5.9125,48.3066
P,theta=0.005 s,5.9250,48.2806
P,theta=0.005 s,5.9375,48.2546
P,theta=0.005 s,5.9500,48.2286
P,theta=0.005 s,5.9625,48.2286
P,theta=0.005 s,5.9750,48.2026
P,theta=0.005 s,5.9875,48.1766
P,theta=0.005 s,6.0000,48.2026
P,theta=0.005 s,6.0625,48.0986
P,theta=0.005 s,6.0750,48.0726
P,theta=0.005 s,6.0875,48.0726
P,theta=0.005 s,6.1625,47.9686
P,theta=0.005 s,6.1750,47.9686
P,theta=0.005 s,6.1875,47.9686
P,theta=0.005 s,6.2625,47.8906
P,theta=0.005 s,6.2750,47.8906
P,theta=0.005 s,6.2875,47.8646
P,theta=0.005 s,6.3000,47.8646
P,theta=0.005 s,6.3125,47.8386
P,theta=0.005 s,6.3250,47.8386
P,theta=0.005 s,6.3375,47.8386
P,theta=0.005 s,6.3500,47.8386
P,theta=0.005 s,6.3625,47.7866
P,theta=0.005 s,6.3750,47.7866
P,theta=0.005 s,6.3875,47.7866
P,theta=0.005 s,6.4000,47.7866
P,theta=0.005 s,6.4500,47.7346
P,theta=0.005 s,6.6000,47.6305
P,theta=0.005 s,6.6250,47.7346
P,theta=0.005 s,6.7250,47.6825
P,theta=0.005 s,6.7375,47.6825
P,theta=0.005 s,6.7500,47.6825
P,theta=0.005 s,6.7625,47.6565
P,theta=0.005 s,6.7750,47.6565
P,theta=0.005 s,6.7875,47.6565
P,theta=0.005 s,6.8000,47.6565
P,theta=0.005 s,6.8125,47.6565
P,theta=0.005 s,6.8250,47.6565
P,theta=0.005 s,6.8375,47.6045
P,theta=0.005 s,6.8500,47.6305
P,theta=0.005 s,6.8625,47.6305
P,theta=0.005 s,6.8750,47.6305
P,theta=0.005 s,6.8875,47.6305
P,theta=0.005 s,6.9000,47.6305
P,theta=0.005 s,6.9125,47.5785
P,theta=0.005 s,6.9250,47.5785
P,theta=0.005 s,6.9875,47.5785
P,theta=0.005 s,7.0000,47.6045
P,theta=0.005 s,7.0125,47.6045
P,theta=0.005 s,7.0250,47.6305
P,theta=0.005 s,7.0875,47.6305
P,theta=0.005 s,7.1000,47.6045
P,theta=0.005 s,7.1125,47.6045
P,theta=0.005 s,7.2000,47.5785
P,theta=0.005 s,7.2125,47.5525
P,theta=0.005 s,7.2250,47.5785
P,theta=0.005 s,7.2375,47.5785
P,theta=0.005 s,7.2500,47.5525
P,theta=0.005 s,7.2625,47.5525
P,theta=0.005 s,7.2750,47.5525
P,theta=0.005 s,7.2875,47.5525
P,theta=0.005 s,7.3000,47.5525
P,theta=0.005 s,7.3125,47.5525
P,theta=0.005 s,7.3250,47.5265
P,theta=0.005 s,7.3375,47.5265
P,theta=0.005 s,7.3500,47.5265
P,theta=0.005 s,7.3625,47.5265
P,theta=0.005 s,7.3750,47.5265
P,theta=0.005 s,7.3875,47.5265
P,theta=0.005 s,7.4000,47.5265
P,theta=0.005 s,7.4625,47.5005
P,theta=0.005 s,7.4750,47.5005
P,theta=0.005 s,7.4875,47.4745
P,theta=0.005 s,7.5625,47.4225
P,theta=0.005 s,7.5750,47.4225
P,theta=0.005 s,7.5875,47.4225
P,theta=0.005 s,7.6625,47.3705
P,theta=0.005 s,7.6750,47.3445
P,theta=0.005 s,7.6875,47.3445
P,theta=0.005 s,7.7000,47.3445
P,theta=0.005 s,7.7125,47.3185
P,theta=0.005 s,7.7250,47.3185
P,theta=0.005 s,7.7375,47.3185
P,theta=0.005 s,7.7500,47.2925
P,theta=0.005 s,7.7625,47.2925
P,theta=0.005 s,7.7750,47.2665
P,theta=0.005 s,7.7875,47.2665
P,theta=0.005 s,7.8000,47.2405
P,theta=0.005 s,7.8125,47.2405
P,theta=0.005 s,7.8250,47.2145
P,theta=0.005 s,7.8375,47.2145
P,theta=0.005 s,7.8500,47.1885
P,theta=0.005 s,7.9250,47.1105
P,theta=0.005 s,7.9375,47.0845
P,theta=0.005 s,7.9500,47.0845
P,theta=0.005 s,8.0250,46.9804
P,theta=0.005 s,8.0375,46.9544
P,theta=0.005 s,8.0750,47.6305
P,theta=0.005 s,8.1125,46.8244
P,theta=0.005 s,8.1250,46.8244
P,theta=0.005 s,8.1375,46.7984
P,theta=0.005 s,8.1500,46.7724
P,theta=0.005 s,8.1625,46.7464
P,theta=0.005 s,8.1750,46.7204
P,theta=0.005 s,8.1875,46.6944
P,theta=0.005 s,8.2000,46.6684
P,theta=0.005 s,8.2125,46.6424
P,theta=0.005 s,8.2250,46.6164
P,theta=0.005 s,8.2375,46.5904
P,theta=0.005 s,8.2500,46.5644
P,theta=0.005 s,8.2625,46.5384
P,theta=0.005 s,8.2750,46.5124
P,theta=0.005 s,8.2875,46.4864
P,theta=0.005 s,8.3625,46.3043
P,theta=0.005 s,8.3750,46.2783
P,theta=0.005 s,8.4250,47.5265
P,theta=0.005 s,8.4375,46.0703
P,theta=0.005 s,8.4500,46.0443
P,theta=0.005 s,8.4625,47.6305
P,theta=0.005 s,8.4875,47.6305
P,theta=0.005 s,8.5125,45.8363
P,theta=0.005 s,8.5250,45.7843
P,theta=0.005 s,8.5375,45.7323
P,theta=0.005 s,8.5500,45.6803
P,theta=0.005 s,8.5625,45.6543
P,theta=0.005 s,8.5750,45.6283
P,theta=0.005 s,8.5875,45.5762
P,theta=0.005 s,8.6000,45.5242
P,theta=0.005 s,8.6125,45.4722
P,theta=0.005 s,8.6250,45.4202
P,theta=0.005 s,8.6375,45.3422
P,theta=0.005 s,8.6500,45.2902
P,theta=0.005 s,8.6625,45.2902
P,theta=0.005 s,8.7000,45.0302
P,theta=0.005 s,8.7125,45.0042
P,theta=0.005 s,8.7250,44.9782
P,theta=0.005 s,8.7625,44.6921
P,theta=0.005 s,8.7750,44.6661
P,theta=0.005 s,8.8000,44.6661
P,theta=0.005 s,8.8125,44.3541
P,theta=0.005 s,8.8250,43.4179
P,theta=0.005 s,8.8375,44.2761
P,theta=0.005 s,8.8500,42.4818
P,theta=0.005 s,8.8625,40.5055
P,theta=0.005 s,8.8750,36.9690
P,theta=0.005 s,9.0000,37.7491
P,theta=0.005 s,9.0125,34.7327
P,theta=0.005 s,9.1125,34.6807
P,theta=0.01 s,0.3875,64.3509
P,theta=0.01 s,0.4500,64.3509
P,theta=0.01 s,0.8625,64.3509
P,theta=0.01 s,0.9125,64.3509
P,theta=0.01 s,0.9250,64.3509
P,theta=0.01 s,1.3250,64.3509
P,theta=0.01 s,1.3375,64.3509
P,theta=0.01 s,1.3875,64.3509
P,theta=0.01 s,1.8000,64.3509
P,theta=0.01 s,1.8125,64.3509
P,theta=0.01 s,1.8625,64.3509
P,theta=0.01 s,2.2750,64.3509
P,theta=0.01 s,2.2875,64.3509
P,theta=0.01 s,2.3000,64.3509
P,theta=0.01 s,2.3125,64.2989
P,theta=0.01 s,2.3250,64.2989
P,theta=0.01 s,2.3375,64.2469
P,theta=0.01 s,2.3500,64.2209
P,theta=0.01 s,2.3625,64.1689
P,theta=0.01 s,2.3750,64.0909
P,theta=0.01 s,2.3875,63.9869
P,theta=0.01 s,2.4000,63.8829
P,theta=0.01 s,2.4125,63.7529
P,theta=0.01 s,2.4250,63.5968
P,theta=0.01 s,2.4375,63.4408
P,theta=0.01 s,2.4500,63.2588
P,theta=0.01 s,2.4625,63.1028
P,theta=0.01 s,2.4750,62.8947
P,theta=0.01 s,2.4875,62.6867
P,theta=0.01 s,2.5000,62.4787
P,theta=0.01 s,2.5125,62.3227
P,theta=0.01 s,2.5250,62.1406
P,theta=0.01 s,2.5375,61.9586
P,theta=0.01 s,2.5500,61.8026
P,theta=0.01 s,2.5625,61.6466
P,theta=0.01 s,2.5750,61.5165
P,theta=0.01 s,2.5875,61.3605
P,theta=0.01 s,2.6000,61.2305
P,theta=0.01 s,2.6125,61.1005
P,theta=0.01 s,2.6250,60.9705
P,theta=0.01 s,2.6375,60.8664
P,theta=0.01 s,2.6500,60.7624
P,theta=0.01 s,2.6625,60.6584
P,theta=0.01 s,2.6750,60.5544
P,theta=0.01 s,2.6875,60.4504
P,theta=0.01 s,2.7000,60.3464
P,theta=0.01 s,2.7125,60.2684
P,theta=0.01 s,2.7250,60.1643
P,theta=0.01 s,2.7375,60.0603
P,theta=0.01 s,2.7500,60.0083
P,theta=0.01 s,2.7625,59.9043
P,theta=0.01 s,2.7750,59.8523
P,theta=0.01 s,2.7875,59.7483
P,theta=0.01 s,2.8000,59.6963
P,theta=0.01 s,2.8125,59.5923
P,theta=0.01 s,2.8250,59.5403
P,theta=0.01 s,2.8375,59.4622
P,theta=0.01 s,2.8500,59.3842
P,theta=0.01 s,2.8625,59.3322
P,theta=0.01 s,2.8750,59.2542
P,theta=0.01 s,2.8875,59.1762
P,theta=0.01 s,2.9000,59.1242
P,theta=0.01 s,2.9125,59.0462
P,theta=0.01 s,2.9250,58.9942
P,theta=0.01 s,2.9375,58.9422
P,theta=0.01 s,2.9500,58.8902
P,theta=0.01 s,2.9625,58.8121
P,theta=0.01 s,2.9750,58.7601
P,theta=0.01 s,2.9875,58.7081
P,theta=0.01 s,3.0000,58.6301
P,theta=0.01 s,3.0125,58.5781
P,theta=0.01 s,3.0250,58.5261
P,theta=0.01 s,3.0375,58.4741
P,theta=0.01 s,3.0500,58.4221
P,theta=0.01 s,3.0625,58.3701
P,theta=0.01 s,3.0750,58.3181
P,theta=0.01 s,3.0875,58.2661
P,theta=0.01 s,3.1000,58.2141
P,theta=0.01 s,3.1125,58.1621
P,theta=0.01 s,3.1250,58.1100
P,theta=0.01 s,3.1375,58.0580
P,theta=0.01 s,3.1500,58.0320
P,theta=0.01 s,3.1625,58.0060
P,theta=0.01 s,3.1750,57.9540
P,theta=0.01 s,3.1875,57.9020
P,theta=0.01 s,3.2000,57.8500
P,theta=0.01 s,3.2125,57.7980
P,theta=0.01 s,3.2250,57.7460
P,theta=0.01 s,3.2375,57.6940
P,theta=0.01 s,3.2500,57.6680
P,theta=0.01 s,3.2625,57.6420
P,theta=0.01 s,3.2750,57.5900
P,theta=0.01 s,3.2875,57.5380
P,theta=0.01 s,3.3000,57.4860
P,theta=0.01 s,3.3125,57.4340
P,theta=0.01 s,3.3250,57.3819
P,theta=0.01 s,3.3375,57.3559
P,theta=0.01 s,3.3500,57.3299
P,theta=0.01 s,3.3625,57.2779
P,theta=0.01 s,3.3750,57.2259
P,theta=0.01 s,3.3875,57.1739
P,theta=0.01 s,3.4000,57.1219
P,theta=0.01 s,3.4125,57.0699
P,theta=0.01 s,3.4250,57.0439
P,theta=0.01 s,3.4375,57.0179
P,theta=0.01 s,3.4500,56.9659
P,theta=0.01 s,3.4625,56.9139
P,theta=0.01 s,3.4750,56.8619
P,theta=0.01 s,3.4875,56.8099
P,theta=0.01 s,3.5000,56.7579
P,theta=0.01 s,3.5125,56.7318
P,theta=0.01 s,3.5250,56.7058
P,theta=0.01 s,3.5375,56.6538
P,theta=0.01 s,3.5500,56.6018
P,theta=0.01 s,3.5625,56.5498
P,theta=0.01 s,3.5750,56.4978
P,theta=0.01 s,3.5875,56.4458
P,theta=0.01 s,3.6000,56.3938
P,theta=0.01 s,3.6125,56.3678
P,theta=0.01 s,3.6250,56.3418
P,theta=0.01 s,3.6375,56.2898
P,theta=0.01 s,3.6500,56.2378
P,theta=0.01 s,3.6625,56.1858
P,theta=0.01 s,3.6750,56.1338
P,theta=0.01 s,3.6875,56.0818
P,theta=0.01 s,3.7000,56.0297
P,theta=0.01 s,3.7125,55.9777
P,theta=0.01 s,3.7250,55.9517
P,theta=0.01 s,3.7375,55.8997
P,theta=0.01 s,3.7500,55.8737
P,theta=0.01 s,3.7625,55.8217
P,theta=0.01 s,3.7750,55.7697
P,theta=0.01 s,3.7875,55.7177
P,theta=0.01 s,3.8000,55.6657
P,theta=0.01 s,3.8125,55.6137
P,theta=0.01 s,3.8250,55.5617
P,theta=0.01 s,3.8375,55.5097
P,theta=0.01 s,3.8500,55.4577
P,theta=0.01 s,3.8625,55.4317
P,theta=0.01 s,3.8750,55.3797
P,theta=0.01 s,3.8875,55.3276
P,theta=0.01 s,3.9000,55.3016
P,theta=0.01 s,3.9125,55.2496
P,theta=0.01 s,3.9250,55.1976
P,theta=0.01 s,3.9375,55.1456
P,theta=0.01 s,3.9500,55.0936
P,theta=0.01 s,3.9625,55.0416
P,theta=0.01 s,3.9750,54.9896
P,theta=0.01 s,3.9875,54.9376
P,theta=0.01 s,4.0000,54.8856
P,theta=0.01 s,4.0125,54.8336
P,theta=0.01 s,4.0250,54.7816
P,theta=0.01 s,4.0375,54.7296
P,theta=0.01 s,4.0500,54.6776
P,theta=0.01 s,4.0625,54.6515
P,theta=0.01 s,4.0750,54.5735
P,theta=0.01 s,4.0875,54.5475
P,theta=0.01 s,4.1000,54.4955
P,theta=0.01 s,4.1125,54.4435
P,theta=0.01 s,4.1250,54.3915
P,theta=0.01 s,4.1375,54.3655
P,theta=0.01 s,4.1500,54.3135
P,theta=0.01 s,4.1625,54.2615
P,theta=0.01 s,4.1750,54.2095
P,theta=0.01 s,4.1875,54.1575
P,theta=0.01 s,4.2000,54.1055
P,theta=0.01 s,4.2125,54.0535
P,theta=0.01 s,4.2250,54.0015
P,theta=0.01 s,4.2375,53.9494
P,theta=0.01 s,4.2500,53.8974
P,theta=0.01 s,4.2625,53.8454
P,theta=0.01 s,4.2750,53.7934
P,theta=0.01 s,4.2875,53.7414
P,theta=0.01 s,4.3000,53.6894
P,theta=0.01 s,4.3125,53.6374
P,theta=0.01 s,4.3250,53.5854
P,theta=0.01 s,4.3375,53.5334
P,theta=0.01 s,4.3500,53.4814
P,theta=0.01 s,4.3625,53.4554
P,theta=0.01 s,4.3750,53.4034
P,theta=0.01 s,4.3875,53.3514
P,theta=0.01 s,4.4000,53.3254
P,theta=0.01 s,4.4125,53.2734
P,theta=0.01 s,4.4250,53.1953
P,theta=0.01 s,4.4375,53.1693
P,theta=0.01 s,4.4500,53.1173
P,theta=0.01 s,4.4625,53.0653
P,theta=0.01 s,4.4750,53.0133
P,theta=0.01 s,4.4875,52.9613
P,theta=0.01 s,4.5000,52.9093
P,theta=0.01 s,4.5125,52.8573
P,theta=0.01 s,4.5250,52.8053
P,theta=0.01 s,4.5375,52.7533
P,theta=0.01 s,4.5500,52.7013
P,theta=0.01 s,4.5625,52.6493
P,theta=0.01 s,4.5750,52.5973
P,theta=0.01 s,4.5875,52.5452
P,theta=0.01 s,4.6000,52.5192
P,theta=0.01 s,4.6125,52.4672
P,theta=0.01 s,4.6250,52.4152
P,theta=0.01 s,4.6375,52.3892
P,theta=0.01 s,4.6500,52.3372
P,theta=0.01 s,4.6625,52.2852
P,theta=0.01 s,4.6750,52.2332
P,theta=0.01 s,4.6875,52.1812
P,theta=0.01 s,4.7000,52.1292
P,theta=0.01 s,4.7125,52.0772
P,theta=0.01 s,4.7250,52.0252
P,theta=0.01 s,4.7375,51.9732
P,theta=0.01 s,4.7500,51.9212
P,theta=0.01 s,4.7625,51.8952
P,theta=0.01 s,4.7750,51.8431
P,theta=0.01 s,4.7875,51.8171
P,theta=0.01 s,4.8000,51.7651
P,theta=0.01 s,4.8125,51.7131
P,theta=0.01 s,4.8250,51.6611
P,theta=0.01 s,4.8375,51.6091
P,theta=0.01 s,4.8500,51.5571
P,theta=0.01 s,4.8625,51.5051
P,theta=0.01 s,4.8750,51.4791
P,theta=0.01 s,4.8875,51.4271
P,theta=0.01 s,4.9000,51.4011
P,theta=0.01 s,4.9125,51.3491
P,theta=0.01 s,4.9250,51.2971
P,theta=0.01 s,4.9375,51.2451
P,theta=0.01 s,4.9500,51.1931
P,theta=0.01 s,4.9625,51.1410
P,theta=0.01 s,4.9750,51.1150
P,theta=0.01 s,4.9875,51.0890
P,theta=0.01 s,5.0000,51.0370
P,theta=0.01 s,5.0125,50.9850
P,theta=0.01 s,5.0250,50.9330
P,theta=0.01 s,5.0375,50.8810
P,theta=0.01 s,5.0500,50.8290
P,theta=0.01 s,5.0625,50.8290
P,theta=0.01 s,5.0750,50.7770
P,theta=0.01 s,5.0875,50.7250
P,theta=0.01 s,5.1000,50.6990
P,theta=0.01 s,5.1125,50.6470
P,theta=0.01 s,5.1250,50.6210
P,theta=0.01 s,5.1375,50.5690
P,theta=0.01 s,5.1500,50.5170
P,theta=0.01 s,5.1625,50.4910
P,theta=0.01 s,5.1750,50.4389
P,theta=0.01 s,5.1875,50.3869
P,theta=0.01 s,5.2000,50.3349
P,theta=0.01 s,5.2125,50.3089
P,theta=0.01 s,5.2250,50.2569
P,theta=0.01 s,5.2375,50.2569
P,theta=0.01 s,5.2500,50.2049
P,theta=0.01 s,5.2625,50.1529
P,theta=0.01 s,5.2750,50.1009
P,theta=0.01 s,5.2875,50.0749
P,theta=0.01 s,5.3000,50.0489
P,theta=0.01 s,5.3125,49.9969
P,theta=0.01 s,5.3250,49.9709
P,theta=0.01 s,5.3375,49.9449
P,theta=0.01 s,5.3500,49.8929
P,theta=0.01 s,5.3625,49.8409
P,theta=0.01 s,5.3750,49.8409
P,theta=0.01 s,5.3875,49.7888
P,theta=0.01 s,5.4000,49.7368
P,theta=0.01 s,5.4125,49.7368
P,theta=0.01 s,5.4250,49.6848
P,theta=0.01 s,5.4375,49.6328
P,theta=0.01 s,5.4500,49.6328
P,theta=0.01 s,5.4625,49.5808
P,theta=0.01 s,5.4750,49.5288
P,theta=0.01 s,5.4875,49.5288
P,theta=0.01 s,5.5000,49.4768
P,theta=0.01 s,5.5125,49.4248
P,theta=0.01 s,5.5250,49.4248
P,theta=0.01 s,5.5375,49.3728
P,theta=0.01 s,5.5500,49.3468
P,theta=0.01 s,5.5625,49.3208
P,theta=0.01 s,5.5750,49.2688
P,theta=0.01 s,5.5875,49.2688
P,theta=0.01 s,5.6000,49.2168
P,theta=0.01 s,5.6125,49.1908
P,theta=0.01 s,5.6250,49.1648
P,theta=0.01 s,5.6375,49.1128
P,theta=0.01 s,5.6500,49.1128
P,theta=0.01 s,5.6625,49.0607
P,theta=0.01 s,5.6750,49.0607
P,theta=0.01 s,5.6875,49.0087
P,theta=0.01 s,5.7000,48.9827
P,theta=0.01 s,5.7125,48.9567
P,theta=0.01 s,5.7250,48.9307
P,theta=0.01 s,5.7375,48.9047
P,theta=0.01 s,5.7500,48.8527
P,theta=0.01 s,5.7625,48.8527
P,theta=0.01 s,5.7750,48.8007
P,theta=0.01 s,5.7875,48.8007
P,theta=0.01 s,5.8000,48.7487
P,theta=0.01 s,5.8125,48.7487
P,theta=0.01 s,5.8250,48.6967
P,theta=0.01 s,5.8375,48.6967
P,theta=0.01 s,5.8500,48.6707
P,theta=0.01 s,5.8625,48.6447
P,theta=0.01 s,5.8750,48.6187
P,theta=0.01 s,5.8875,48.5927
P,theta=0.01 s,5.9000,48.5927
P,theta=0.01 s,5.9125,48.5407
P,theta=0.01 s,5.9250,48.5407
P,theta=0.01 s,5.9375,48.4887
P,theta=0.01 s,5.9500,48.4887
P,theta=0.01 s,5.9625,48.4627
P,theta=0.01 s,5.9750,48.4367
P,theta=0.01 s,5.9875,48.4107
P,theta=0.01 s,6.0000,48.3846
P,theta=0.01 s,6.0125,48.3846
P,theta=0.01 s,6.0250,48.3586
P,theta=0.01 s,6.0375,48.3326
P,theta=0.01 s,6.0500,48.3066
P,theta=0.01 s,6.0625,48.2806
P,theta=0.01 s,6.0750,48.2806
P,theta=0.01 s,6.0875,48.2546
P,theta=0.01 s,6.1000,48.2286
P,theta=0.01 s,6.1125,48.2286
P,theta=0.01 s,6.1250,48.2026
P,theta=0.01 s,6.1375,48.1766
P,theta=0.01 s,6.1500,48.1766
P,theta=0.01 s,6.1625,48.1506
P,theta=0.01 s,6.1750,48.1246
P,theta=0.01 s,6.1875,48.1246
P,theta=0.01 s,6.2000,48.0986
P,theta=0.01 s,6.2125,48.0726
P,theta=0.01 s,6.2250,48.0726
P,theta=0.01 s,6.2375,48.0466
P,theta=0.01 s,6.2500,48.0206
P,theta=0.01 s,6.2625,48.0206
P,theta=0.01 s,6.2750,47.9946
P,theta=0.01 s,6.2875,47.9686
P,theta=0.01 s,6.3000,47.9686
P,theta=0.01 s,6.3125,47.9426
P,theta=0.01 s,6.3250,47.9166
P,theta=0.01 s,6.3375,47.9166
P,theta=0.01 s,6.3500,47.9166
P,theta=0.01 s,6.3625,47.8906
P,theta=0.01 s,6.3750,47.8646
P,theta=0.01 s,6.3875,47.8646
P,theta=0.01 s,6.4000,47.8646
P,theta=0.01 s,6.4125,47.8386
P,theta=0.01 s,6.4250,47.8126
P,theta=0.01 s,6.4375,47.8126
P,theta=0.01 s,6.4500,47.8126
P,theta=0.01 s,6.4625,47.7866
P,theta=0.01 s,6.4750,47.7866
P,theta=0.01 s,6.4875,47.7606
P,theta=0.01 s,6.5000,47.7606
P,theta=0.01 s,6.5125,47.7606
P,theta=0.01 s,6.5250,47.7606
P,theta=0.01 s,6.5375,47.7086
P,theta=0.01 s,6.5500,47.7086
P,theta=0.01 s,6.5625,47.7086
P,theta=0.01 s,6.5750,47.7086
P,theta=0.01 s,6.5875,47.6825
P,theta=0.01 s,6.6000,47.6825
P,theta=0.01 s,6.6125,47.6565
P,theta=0.01 s,6.6250,47.6565
P,theta=0.01 s,6.6375,47.6565
P,theta=0.01 s,6.6500,47.6565
P,theta=0.01 s,6.6625,47.6305
P,theta=0.01 s,6.6750,47.6305
P,theta=0.01 s,6.6875,47.6045
P,theta=0.01 s,6.7000,47.6045
P,theta=0.01 s,6.7125,47.6045
P,theta=0.01 s,6.7250,47.6045
P,theta=0.01 s,6.7375,47.6045
P,theta=0.01 s,6.7500,47.5785
P,theta=0.01 s,6.7625,47.5785
P,theta=0.01 s,6.7750,47.5525
P,theta=0.01 s,6.7875,47.5525
P,theta=0.01 s,6.8000,47.5525
P,theta=0.01 s,6.8125,47.5525
P,theta=0.01 s,6.8250,47.5265
P,theta=0.01 s,6.8375,47.5265
P,theta=0.01 s,6.8500,47.5265
P,theta=0.01 s,6.8625,47.5005
P,theta=0.01 s,6.8750,47.5005
P,theta=0.01 s,6.8875,47.5005
P,theta=0.01 s,6.9000,47.5005
P,theta=0.01 s,6.9125,47.4745
P,theta=0.01 s,6.9250,47.4745
P,theta=0.01 s,6.9375,47.4745
P,theta=0.01 s,6.9500,47.4485
P,theta=0.01 s,6.9625,47.4485
P,theta=0.01 s,6.9750,47.4485
P,theta=0.01 s,6.9875,47.4485
P,theta=0.01 s,7.0000,47.4225
P,theta=0.01 s,7.0125,47.4225
P,theta=0.01 s,7.0250,47.4225
P,theta=0.01 s,7.0375,47.3965
P,theta=0.01 s,7.0500,47.3965
P,theta=0.01 s,7.0625,47.3965
P,theta=0.01 s,7.0750,47.3965
P,theta=0.01 s,7.0875,47.3705
P,theta=0.01 s,7.1000,47.3705
P,theta=0.01 s,7.1125,47.3705
P,theta=0.01 s,7.1250,47.3445
P,theta=0.01 s,7.1375,47.3445
P,theta=0.01 s,7.1500,47.3445
P,theta=0.01 s,7.1625,47.3185
P,theta=0.01 s,7.1750,47.3185
P,theta=0.01 s,7.1875,47.3185
P,theta=0.01 s,7.2000,47.2925
P,theta=0.01 s,7.2125,47.2925
P,theta=0.01 s,7.2250,47.2925
P,theta=0.01 s,7.2375,47.2665
P,theta=0.01 s,7.2500,47.2665
P,theta=0.01 s,7.2625,47.2665
P,theta=0.01 s,7.2750,47.2405
P,theta=0.01 s,7.2875,47.2405
P,theta=0.01 s,7.3000,47.2405
P,theta=0.01 s,7.3125,47.2145
P,theta=0.01 s,7.3250,47.2145
P,theta=0.01 s,7.3375,47.1885
P,theta=0.01 s,7.3500,47.1885
P,theta=0.01 s,7.3625,47.1885
P,theta=0.01 s,7.3750,47.1625
P,theta=0.01 s,7.3875,47.1625
P,theta=0.01 s,7.4000,47.1365
P,theta=0.01 s,7.4125,47.1365
P,theta=0.01 s,7.4250,47.1365
P,theta=0.01 s,7.4375,47.1105
P,theta=0.01 s,7.4500,47.1105
P,theta=0.01 s,7.4625,47.0845
P,theta=0.01 s,7.4750,47.0845
P,theta=0.01 s,7.4875,47.0585
P,theta=0.01 s,7.5000,47.0585
P,theta=0.01 s,7.5125,47.0325
P,theta=0.01 s,7.5250,47.0325
P,theta=0.01 s,7.5375,47.0064
P,theta=0.01 s,7.5500,47.0064
P,theta=0.01 s,7.5625,46.9804
P,theta=0.01 s,7.5750,46.9804
P,theta=0.01 s,7.5875,46.9544
P,theta=0.01 s,7.6000,46.9544
P,theta=0.01 s,7.6125,46.9284
P,theta=0.01 s,7.6250,46.9284
P,theta=0.01 s,7.6375,46.9024
P,theta=0.01 s,7.6500,46.9024
P,theta=0.01 s,7.6625,46.8764
P,theta=0.01 s,7.6750,46.8764
P,theta=0.01 s,7.6875,46.8504
P,theta=0.01 s,7.7000,46.8244
P,theta=0.01 s,7.7125,46.8244
P,theta=0.01 s,7.7250,46.7984
P,theta=0.01 s,7.7375,46.7724
P,theta=0.01 s,7.7500,46.7724
P,theta=0.01 s,7.7625,46.7724
P,theta=0.01 s,7.7750,46.7464
P,theta=0.01 s,7.7875,46.7204
P,theta=0.01 s,7.8000,46.7204
P,theta=0.01 s,7.8125,46.6944
P,theta=0.01 s,7.8250,46.6684
P,theta=0.01 s,7.8375,46.6684
P,theta=0.01 s,7.8500,46.6424
P,theta=0.01 s,7.8625,46.6164
P,theta=0.01 s,7.8750,46.6164
P,theta=0.01 s,7.8875,46.5904
P,theta=0.01 s,7.9000,46.5644
P,theta=0.01 s,7.9125,46.5644
P,theta=0.01 s,7.9250,46.5124
P,theta=0.01 s,7.9375,46.5124
P,theta=0.01 s,7.9500,46.4864
P,theta=0.01 s,7.9625,46.4604
P,theta=0.01 s,7.9750,46.4604
P,theta=0.01 s,7.9875,46.4344
P,theta=0.01 s,8.0000,46.4084
P,theta=0.01 s,8.0125,46.4084
P,theta=0.01 s,8.0250,46.3564
P,theta=0.01 s,8.0375,46.3564
P,theta=0.01 s,8.0500,46.3043
P,theta=0.01 s,8.0625,46.3043
P,theta=0.01 s,8.0750,46.2783
P,theta=0.01 s,8.0875,46.2523
P,theta=0.01 s,8.1000,46.2523
P,theta=0.01 s,8.1125,46.2003
P,theta=0.01 s,8.1250,46.2003
P,theta=0.01 s,8.1375,46.1483
P,theta=0.01 s,8.1500,46.1483
P,theta=0.01 s,8.1625,46.0963
P,theta=0.01 s,8.1750,46.0963
P,theta=0.01 s,8.1875,46.0703
P,theta=0.01 s,8.2000,46.0443
P,theta=0.01 s,8.2125,46.0183
P,theta=0.01 s,8.2250,45.9923
P,theta=0.01 s,8.2375,45.9663
P,theta=0.01 s,8.2500,45.9403
P,theta=0.01 s,8.2625,45.9143
P,theta=0.01 s,8.2750,45.8883
P,theta=0.01 s,8.2875,45.8363
P,theta=0.01 s,8.3000,45.8363
P,theta=0.01 s,8.3125,45.7843
P,theta=0.01 s,8.3250,45.7843
P,theta=0.01 s,8.3375,45.7323
P,theta=0.01 s,8.3500,45.7323
P,theta=0.01 s,8.3625,45.6803
P,theta=0.01 s,8.3750,45.6543
P,theta=0.01 s,8.3875,45.6283
P,theta=0.01 s,8.4000,45.5762
P,theta=0.01 s,8.4125,45.5762
P,theta=0.01 s,8.4250,45.5242
P,theta=0.01 s,8.4375,45.4722
P,theta=0.01 s,8.4500,45.4722
P,theta=0.01 s,8.4625,45.4202
P,theta=0.01 s,8.4750,45.3942
P,theta=0.01 s,8.4875,45.3682
P,theta=0.01 s,8.5000,45.3162
P,theta=0.01 s,8.5125,45.2902
P,theta=0.01 s,8.5250,45.2642
P,theta=0.01 s,8.5375,45.2122
P,theta=0.01 s,8.5500,45.1602
P,theta=0.01 s,8.5625,45.1602
P,theta=0.01 s,8.5750,45.1082
P,theta=0.01 s,8.5875,45.0562
P,theta=0.01 s,8.6000,45.0042
P,theta=0.01 s,8.6125,45.0042
P,theta=0.01 s,8.6250,44.9522
P,theta=0.01 s,8.6375,44.9001
P,theta=0.01 s,8.6500,44.8481
P,theta=0.01 s,8.6625,44.8481
P,theta=0.01 s,8.6750,44.7961
P,theta=0.01 s,8.6875,44.7441
P,theta=0.01 s,8.7000,44.6921
P,theta=0.01 s,8.7125,44.6401
P,theta=0.01 s,8.7250,44.5881
P,theta=0.01 s,8.7375,44.5881
P,theta=0.01 s,8.7500,44.5361
P,theta=0.01 s,8.7625,44.4841
P,theta=0.01 s,8.7750,44.4321
P,theta=0.01 s,8.7875,44.3801
P,theta=0.01 s,8.8000,44.3281
P,theta=0.01 s,8.8125,44.2761
P,theta=0.01 s,8.8250,44.1980
P,theta=0.01 s,8.8375,44.1460
P,theta=0.01 s,8.8500,44.0940
P,theta=0.01 s,8.8625,44.0160
P,theta=0.01 s,8.8750,43.9380
P,theta=0.01 s,8.8875,43.8080
P,theta=0.01 s,8.9000,43.7040
P,theta=0.01 s,8.9125,43.5740
P,theta=0.01 s,8.9250,43.4179
P,theta=0.01 s,8.9625,41.4937
P,theta=0.01 s,8.9750,41.4416
P,theta=0.01 s,8.9875,39.7254
P,theta=0.01 s,9.0000,39.6214
P,theta=0.01 s,9.0125,37.3071
P,theta=0.01 s,9.0250,36.2929
P,theta=0.01 s,9.0375,35.7988
P,theta=0.01 s,9.0500,35.5648
P,theta=0.01 s,9.0625,35.0967
P,theta=0.01 s,9.0750,34.9407
P,theta=0.01 s,9.0875,34.8367
P,theta=0.01 s,9.1000,34.7327
P,theta=0.01 s,9.3250,34.6807
P,theta=0.01 s,9.3875,34.6807
P,theta=0.01 s,9.8000,34.6807
P,theta=0.01 s,9.8500,34.6807
P,theta=0.01 s,10.2625,34.6807
P,theta=0.01 s,10.2750,34.6807
P,theta=0.01 s,10.3250,34.6547
P,theta=0.01 s,10.7375,34.6807
P,theta=0.01 s,10.7500,34.6807
P,theta=0.01 s,10.8000,34.6807
P,theta=0.01 s,11.2125,34.6807
P,theta=0.01 s,11.6875,34.6807
P,theta=0.01 s,11.7375,34.6807
P,theta=0.1 s,0.3625,64.4290
P,theta=0.1 s,0.5000,64.3509
P,theta=0.1 s,0.5125,64.3509
P,theta=0.1 s,0.5625,64.3509
P,theta=0.1 s,0.5750,64.3509
P,theta=0.1 s,0.6250,64.3509
P,theta=0.1 s,0.6750,64.3509
P,theta=0.1 s,0.6875,64.3509
P,theta=0.1 s,0.7375,64.3509
P,theta=0.1 s,0.7500,64.3509
P,theta=0.1 s,0.8000,64.3509
P,theta=0.1 s,0.8125,64.3509
P,theta=0.1 s,0.8250,64.4290
P,theta=0.1 s,0.8375,64.4290
P,theta=0.1 s,0.9750,64.3509
P,theta=0.1 s,0.9875,64.3509
P,theta=0.1 s,1.0375,64.3509
P,theta=0.1 s,1.0875,64.3509
P,theta=0.1 s,1.1000,64.3509
P,theta=0.1 s,1.1500,64.3509
P,theta=0.1 s,1.1625,64.3509
P,theta=0.1 s,1.2125,64.3509
P,theta=0.1 s,1.2250,64.3509
P,theta=0.1 s,1.2625,64.3509
P,theta=0.1 s,1.2750,64.3509
P,theta=0.1 s,1.2875,64.4290
P,theta=0.1 s,1.3000,64.4290
P,theta=0.1 s,1.3125,64.4290
P,theta=0.1 s,1.4500,64.3509
P,theta=0.1 s,1.5000,64.3509
P,theta=0.1 s,1.5125,64.3509
P,theta=0.1 s,1.5625,64.3509
P,theta=0.1 s,1.5750,64.3509
P,theta=0.1 s,1.6250,64.3509
P,theta=0.1 s,1.6375,64.3509
P,theta=0.1 s,1.6750,64.3509
P,theta=0.1 s,1.6875,64.3509
P,theta=0.1 s,1.7375,64.3509
P,theta=0.1 s,1.7500,64.3509
P,theta=0.1 s,1.7625,64.4290
P,theta=0.1 s,1.7750,64.4290
P,theta=0.1 s,1.9125,64.3509
P,theta=0.1 s,1.9250,64.3509
P,theta=0.1 s,1.9750,64.3509
P,theta=0.1 s,1.9875,64.3509
P,theta=0.1 s,2.0375,64.3509
P,theta=0.1 s,2.0500,64.3509
P,theta=0.1 s,2.1000,64.3509
P,theta=0.1 s,2.1125,64.4290
P,theta=0.1 s,2.1500,64.3509
P,theta=0.1 s,2.1625,64.3509
P,theta=0.1 s,2.1750,64.4290
P,theta=0.1 s,2.1875,64.4290
P,theta=0.1 s,2.2000,64.4290
P,theta=0.1 s,2.2125,64.3509
P,theta=0.1 s,2.2250,64.3509
P,theta=0.1 s,2.3375,63.8829
P,theta=0.1 s,2.3500,63.6488
P,theta=0.1 s,2.3625,63.6228
P,theta=0.1 s,2.3750,63.3888
P,theta=0.1 s,2.3875,63.0248
P,theta=0.1 s,2.4000,62.8687
P,theta=0.1 s,2.4125,62.6607
P,theta=0.1 s,2.4250,61.9586
P,theta=0.1 s,2.4375,61.7246
P,theta=0.1 s,2.4500,61.4645
P,theta=0.1 s,2.4625,60.9445
P,theta=0.1 s,2.4750,60.7624
P,theta=0.1 s,2.4875,59.9823
P,theta=0.1 s,2.5000,59.9823
P,theta=0.1 s,2.5125,59.5923
P,theta=0.1 s,2.5250,59.2542
P,theta=0.1 s,2.5375,58.9162
P,theta=0.1 s,2.5625,58.1361
P,theta=0.1 s,2.5750,57.9280
P,theta=0.1 s,2.5875,57.6680
P,theta=0.1 s,2.6000,57.3299
P,theta=0.1 s,2.6125,57.0699
P,theta=0.1 s,2.6250,56.9139
P,theta=0.1 s,2.6500,56.1598
P,theta=0.1 s,2.6625,56.0037
P,theta=0.1 s,2.6750,55.7697
P,theta=0.1 s,2.6875,55.5357
P,theta=0.1 s,2.7000,55.3016
P,theta=0.1 s,2.7125,55.0676
P,theta=0.1 s,2.7250,54.9376
P,theta=0.1 s,2.7500,54.3395
P,theta=0.1 s,2.7625,54.2095
P,theta=0.1 s,2.7750,54.0015
P,theta=0.1 s,2.7875,53.7934
P,theta=0.1 s,2.8000,53.5854
P,theta=0.1 s,2.8125,53.3774
P,theta=0.1 s,2.8250,53.1693
P,theta=0.1 s,2.8375,53.0653
P,theta=0.1 s,2.8625,52.4672
P,theta=0.1 s,2.8750,52.3892
P,theta=0.1 s,2.8875,52.2072
P,theta=0.1 s,2.9000,52.0512
P,theta=0.1 s,2.9125,51.8691
P,theta=0.1 s,2.9250,51.6871
P,theta=0.1 s,2.9375,51.5311
P,theta=0.1 s,2.9500,51.3491
P,theta=0.1 s,2.9625,51.2191
P,theta=0.1 s,3.0000,50.5950
P,theta=0.1 s,3.0125,50.5170
P,theta=0.1 s,3.0250,50.3869
P,theta=0.1 s,3.0375,50.2309
P,theta=0.1 s,3.0500,50.0749
P,theta=0.1 s,3.0625,49.9449
P,theta=0.1 s,3.0750,49.7888
P,theta=0.1 s,3.0875,49.6328
P,theta=0.1 s,3.1000,49.5028
P,theta=0.1 s,3.1125,49.3728
P,theta=0.1 s,3.1250,49.2948
P,theta=0.1 s,3.1625,48.7747
P,theta=0.1 s,3.1750,48.7227
P,theta=0.1 s,3.1875,48.6187
P,theta=0.1 s,3.2000,48.4887
P,theta=0.1 s,3.2125,48.3846
P,theta=0.1 s,3.2250,48.2806
P,theta=0.1 s,3.2375,48.1766
P,theta=0.1 s,3.2500,48.0986
P,theta=0.1 s,3.2625,47.9946
P,theta=0.1 s,3.2750,47.8906
P,theta=0.1 s,3.2875,47.8126
P,theta=0.1 s,3.3000,47.7346
P,theta=0.1 s,3.3125,47.6305
P,theta=0.1 s,3.3250,47.5785
P,theta=0.1 s,3.4125,47.1105
P,theta=0.1 s,3.4250,47.0845
P,theta=0.1 s,3.4375,47.0845
P,theta=0.1 s,3.4500,47.0325
P,theta=0.1 s,3.4625,46.9804
P,theta=0.1 s,3.4750,46.9804
P,theta=0.1 s,3.4875,46.9284
P,theta=0.1 s,3.5000,46.9024
P,theta=0.1 s,3.5125,46.8764
P,theta=0.1 s,3.5250,46.8504
P,theta=0.1 s,3.5375,46.8244
P,theta=0.1 s,3.5500,46.7984
P,theta=0.1 s,3.5625,46.7984
P,theta=0.1 s,3.5750,46.7724
P,theta=0.1 s,3.5875,46.7464
P,theta=0.1 s,3.6000,46.7464
P,theta=0.1 s,3.6125,46.7204
P,theta=0.1 s,3.6250,46.7204
P,theta=0.1 s,3.6375,46.6944
P,theta=0.1 s,3.6500,46.6944
P,theta=0.1 s,3.6625,46.6684
P,theta=0.1 s,3.6750,46.6684
P,theta=0.1 s,3.6875,46.6424
P,theta=0.1 s,3.7000,46.6424
P,theta=0.1 s,3.7125,46.6424
P,theta=0.1 s,3.7250,46.6164
P,theta=0.1 s,3.8625,46.5124
P,theta=0.1 s,3.8750,46.5124
P,theta=0.1 s,3.8875,46.4864
P,theta=0.1 s,3.9000,46.4864
P,theta=0.1 s,3.9125,46.4864
P,theta=0.1 s,3.9250,46.4604
P,theta=0.1 s,3.9375,46.4604
P,theta=0.1 s,3.9500,46.4344
P,theta=0.1 s,3.9625,46.4344
P,theta=0.1 s,3.9750,46.4344
P,theta=0.1 s,3.9875,46.4084
P,theta=0.1 s,4.0000,46.4084
P,theta=0.1 s,4.0125,46.4084
P,theta=0.1 s,4.0250,46.3824
P,theta=0.1 s,4.0375,46.3824
P,theta=0.1 s,4.0500,46.3824
P,theta=0.1 s,4.0625,46.3564
P,theta=0.1 s,4.0750,46.3564
P,theta=0.1 s,4.0875,46.3564
P,theta=0.1 s,4.1000,46.3304
P,theta=0.1 s,4.1125,46.3304
P,theta=0.1 s,4.1250,46.3304
P,theta=0.1 s,4.1375,46.3043
P,theta=0.1 s,4.1500,46.3043
P,theta=0.1 s,4.1625,46.3043
P,theta=0.1 s,4.1750,46.2783
P,theta=0.1 s,4.1875,46.2783
P,theta=0.1 s,4.3250,46.1743
P,theta=0.1 s,4.3375,46.1743
P,theta=0.1 s,4.3500,46.1743
P,theta=0.1 s,4.3625,46.1483
P,theta=0.1 s,4.3750,46.1483
P,theta=0.1 s,4.3875,46.1483
P,theta=0.1 s,4.4000,46.1223
P,theta=0.1 s,4.4125,46.1223
P,theta=0.1 s,4.4250,46.1223
P,theta=0.1 s,4.4375,46.0963
P,theta=0.1 s,4.4500,46.0963
P,theta=0.1 s,4.4625,46.0963
P,theta=0.1 s,4.4750,46.0703
P,theta=0.1 s,4.4875,46.0703
P,theta=0.1 s,4.5000,46.0703
P,theta=0.1 s,4.5125,46.0703
P,theta=0.1 s,4.5250,46.0443
P,theta=0.1 s,4.5375,46.0443
P,theta=0.1 s,4.5500,46.0443
P,theta=0.1 s,4.5625,46.0183
P,theta=0.1 s,4.5750,46.0183
P,theta=0.1 s,4.5875,46.0183
P,theta=0.1 s,4.6000,45.9923
P,theta=0.1 s,4.6125,45.9923
P,theta=0.1 s,4.6250,45.9923
P,theta=0.1 s,4.6375,45.9663
P,theta=0.1 s,4.6500,45.9663
P,theta=0.1 s,4.7875,45.8883
P,theta=0.1 s,4.8000,45.8623
P,theta=0.1 s,4.8125,45.8623
P,theta=0.1 s,4.8250,45.8623
P,theta=0.1 s,4.8375,45.8623
P,theta=0.1 s,4.8500,45.8363
P,theta=0.1 s,4.8625,45.8363
P,theta=0.1 s,4.8750,45.8363
P,theta=0.1 s,4.8875,45.8103
P,theta=0.1 s,4.9000,45.8103
P,theta=0.1 s,4.9125,45.8103
P,theta=0.1 s,4.9250,45.7843
P,theta=0.1 s,4.9375,45.7843
P,theta=0.1 s,4.9500,45.7843
P,theta=0.1 s,4.9625,45.7583
P,theta=0.1 s,4.9750,45.7583
P,theta=0.1 s,4.9875,45.7583
P,theta=0.1 s,5.0000,45.7583
P,theta=0.1 s,5.0125,45.7323
P,theta=0.1 s,5.0250,45.7323
P,theta=0.1 s,5.0375,45.7323
P,theta=0.1 s,5.0500,45.7063
P,theta=0.1 s,5.0625,45.7063
P,theta=0.1 s,5.0750,45.7063
P,theta=0.1 s,5.0875,45.6803
P,theta=0.1 s,5.1000,45.6803
P,theta=0.1 s,5.1125,45.6803
P,theta=0.1 s,5.2500,45.6022
P,theta=0.1 s,5.2625,45.5762
P,theta=0.1 s,5.2750,45.5762
P,theta=0.1 s,5.2875,45.5762
P,theta=0.1 s,5.3000,45.5502
P,theta=0.1 s,5.3125,45.5502
P,theta=0.1 s,5.3250,45.5502
P,theta=0.1 s,5.3375,45.5502
P,theta=0.1 s,5.3500,45.5242
P,theta=0.1 s,5.3625,45.5242
P,theta=0.1 s,5.3750,45.5242
P,theta=0.1 s,5.3875,45.4982
P,theta=0.1 s,5.4000,45.4982
P,theta=0.1 s,5.4125,45.4982
P,theta=0.1 s,5.4250,45.4982
P,theta=0.1 s,5.4375,45.4722
P,theta=0.1 s,5.4500,45.4722
P,theta=0.1 s,5.4625,45.4722
P,theta=0.1 s,5.4750,45.4462
P,theta=0.1 s,5.4875,45.4462
P,theta=0.1 s,5.5000,45.4462
P,theta=0.1 s,5.5125,45.4462
P,theta=0.1 s,5.5250,45.4202
P,theta=0.1 s,5.5375,45.4202
P,theta=0.1 s,5.5500,45.4202
P,theta=0.1 s,5.5625,45.3942
P,theta=0.1 s,5.5750,45.3942
P,theta=0.1 s,5.5875,45.3942
P,theta=0.1 s,5.7125,45.3162
P,theta=0.1 s,5.7250,45.3162
P,theta=0.1 s,5.7375,45.2902
P,theta=0.1 s,5.7500,45.2902
P,theta=0.1 s,5.7625,45.2902
P,theta=0.1 s,5.7750,45.2902
P,theta=0.1 s,5.7875,45.2642
P,theta=0.1 s,5.8000,45.2642
P,theta=0.1 s,5.8125,45.2642
P,theta=0.1 s,5.8250,45.2382
P,theta=0.1 s,5.8375,45.2382
P,theta=0.1 s,5.8500,45.2382
P,theta=0.1 s,5.8625,45.2382
P,theta=0.1 s,5.8750,45.2122
P,theta=0.1 s,5.8875,45.2122
P,theta=0.1 s,5.9000,45.2122
P,theta=0.1 s,5.9125,45.2122
P,theta=0.1 s,5.9250,45.1862
P,theta=0.1 s,5.9375,45.1862
P,theta=0.1 s,5.9500,45.1862
P,theta=0.1 s,5.9625,45.1862
P,theta=0.1 s,5.9750,45.1602
P,theta=0.1 s,5.9875,45.1602
P,theta=0.1 s,6.0000,45.1602
P,theta=0.1 s,6.0125,45.1342
P,theta=0.1 s,6.0250,45.1342
P,theta=0.1 s,6.0375,45.1342
P,theta=0.1 s,6.0500,45.1342
P,theta=0.1 s,6.1875,45.0562
P,theta=0.1 s,6.2000,45.0302
P,theta=0.1 s,6.2125,45.0302
P,theta=0.1 s,6.2250,45.0302
P,theta=0.1 s,6.2375,45.0302
P,theta=0.1 s,6.2500,45.0042
P,theta=0.1 s,6.2625,45.0042
P,theta=0.1 s,6.2750,45.0042
P,theta=0.1 s,6.2875,44.9782
P,theta=0.1 s,6.3000,44.9782
P,theta=0.1 s,6.3125,44.9782
P,theta=0.1 s,6.3250,44.9782
P,theta=0.1 s,6.3375,44.9782
P,theta=0.1 s,6.3500,44.9522
P,theta=0.1 s,6.3625,44.9522
P,theta=0.1 s,6.3750,44.9522
P,theta=0.1 s,6.3875,44.9261
P,theta=0.1 s,6.4000,44.9261
P,theta=0.1 s,6.4125,44.9261
P,theta=0.1 s,6.4250,44.9261
P,theta=0.1 s,6.4375,44.9261
P,theta=0.1 s,6.4500,44.9001
P,theta=0.1 s,6.4625,44.9001
P,theta=0.1 s,6.4750,44.9001
P,theta=0.1 s,6.4875,44.8741
P,theta=0.1 s,6.5000,44.8741
P,theta=0.1 s,6.5125,44.8741
P,theta=0.1 s,6.6500,44.7961
P,theta=0.1 s,6.6625,44.7961
P,theta=0.1 s,6.6750,44.7961
P,theta=0.1 s,6.6875,44.7701
P,theta=0.1 s,6.7000,44.7701
P,theta=0.1 s,6.7125,44.7701
P,theta=0.1 s,6.7250,44.7701
P,theta=0.1 s,6.7375,44.7701
P,theta=0.1 s,6.7500,44.7441
P,theta=0.1 s,6.7625,44.7441
P,theta=0.1 s,6.7750,44.7441
P,theta=0.1 s,6.7875,44.7441
P,theta=0.1 s,6.8000,44.7181
P,theta=0.1 s,6.8125,44.7181
P,theta=0.1 s,6.8250,44.7181
P,theta=0.1 s,6.8375,44.7181
P,theta=0.1 s,6.8500,44.7181
P,theta=0.1 s,6.8625,44.6921
P,theta=0.1 s,6.8750,44.6921
P,theta=0.1 s,6.8875,44.6921
P,theta=0.1 s,6.9000,44.6921
P,theta=0.1 s,6.9125,44.6661
P,theta=0.1 s,6.9250,44.6661
P,theta=0.1 s,6.9375,44.6661
P,theta=0.1 s,6.9500,44.6661
P,theta=0.1 s,6.9625,44.6661
P,theta=0.1 s,6.9750,44.6661
P,theta=0.1 s,6.9875,44.6661
P,theta=0.1 s,7.1125,44.5881
P,theta=0.1 s,7.1250,44.5881
P,theta=0.1 s,7.1375,44.5881
P,theta=0.1 s,7.1500,44.5881
P,theta=0.1 s,7.1625,44.5621
P,theta=0.1 s,7.1750,44.5621
P,theta=0.1 s,7.1875,44.5621
P,theta=0.1 s,7.2000,44.5621
P,theta=0.1 s,7.2125,44.5621
P,theta=0.1 s,7.2250,44.5621
P,theta=0.1 s,7.2375,44.5361
P,theta=0.1 s,7.2500,44.5361
P,theta=0.1 s,7.2625,44.5361
P,theta=0.1 s,7.2750,44.5361
P,theta=0.1 s,7.2875,44.5101
P,theta=0.1 s,7.3000,44.5101
P,theta=0.1 s,7.3125,44.5101
P,theta=0.1 s,7.3250,44.5101
P,theta=0.1 s,7.3375,44.5101
P,theta=0.1 s,7.3500,44.5101
P,theta=0.1 s,7.3625,44.4841
P,theta=0.1 s,7.3750,44.4841
P,theta=0.1 s,7.3875,44.4841
P,theta=0.1 s,7.4000,44.4841
P,theta=0.1 s,7.4125,44.4581
P,theta=0.1 s,7.4250,44.4581
P,theta=0.1 s,7.4375,44.4581
P,theta=0.1 s,7.4500,44.4581
P,theta=0.1 s,7.5875,44.4061
P,theta=0.1 s,7.6000,44.3801
P,theta=0.1 s,7.6125,44.3801
P,theta=0.1 s,7.6250,44.3801
P,theta=0.1 s,7.6375,44.3801
P,theta=0.1 s,7.6500,44.3541
P,theta=0.1 s,7.6625,44.3541
P,theta=0.1 s,7.6750,44.3541
P,theta=0.1 s,7.6875,44.3541
P,theta=0.1 s,7.7000,44.3541
P,theta=0.1 s,7.7125,44.3541
P,theta=0.1 s,7.7250,44.3281
P,theta=0.1 s,7.7375,44.3281
P,theta=0.1 s,7.7500,44.3281
P,theta=0.1 s,7.7625,44.3281
P,theta=0.1 s,7.7750,44.3021
P,theta=0.1 s,7.7875,44.3021
P,theta=0.1 s,7.8000,44.3021
P,theta=0.1 s,7.8125,44.3021
P,theta=0.1 s,7.8250,44.3021
P,theta=0.1 s,7.8375,44.2761
P,theta=0.1 s,7.8500,44.2761
P,theta=0.1 s,7.8625,44.2761
P,theta=0.1 s,7.8750,44.2761
P,theta=0.1 s,7.8875,44.2761
P,theta=0.1 s,7.9000,44.2501
P,theta=0.1 s,7.9125,44.2501
P,theta=0.1 s,8.0500,44.1980
P,theta=0.1 s,8.0625,44.1980
P,theta=0.1 s,8.0750,44.1720
P,theta=0.1 s,8.0875,44.1720
P,theta=0.1 s,8.1000,44.1720
P,theta=0.1 s,8.1125,44.1720
P,theta=0.1 s,8.1250,44.1720
P,theta=0.1 s,8.1375,44.1460
P,theta=0.1 s,8.1500,44.1460
P,theta=0.1 s,8.1625,44.1460
P,theta=0.1 s,8.1750,44.1460
P,theta=0.1 s,8.1875,44.1460
P,theta=0.1 s,8.2000,44.1200
P,theta=0.1 s,8.2125,44.1200
P,theta=0.1 s,8.2250,44.1200
P,theta=0.1 s,8.2375,44.1200
P,theta=0.1 s,8.2500,44.0940
P,theta=0.1 s,8.2625,44.0940
P,theta=0.1 s,8.2750,44.0940
P,theta=0.1 s,8.2875,44.0940
P,theta=0.1 s,8.3000,44.0940
P,theta=0.1 s,8.3125,44.0940
P,theta=0.1 s,8.3250,44.0680
P,theta=0.1 s,8.3375,44.0680
P,theta=0.1 s,8.3500,44.0680
P,theta=0.1 s,8.3625,44.0680
P,theta=0.1 s,8.3750,44.0420
P,theta=0.1 s,8.3875,44.0420
P,theta=0.1 s,8.5250,43.9900
P,theta=0.1 s,8.5375,43.9900
P,theta=0.1 s,8.5500,43.9900
P,theta=0.1 s,8.5625,43.9900
P,theta=0.1 s,8.5750,43.9640
P,theta=0.1 s,8.5875,43.9640
P,theta=0.1 s,8.6000,43.9640
P,theta=0.1 s,8.6125,43.9380
P,theta=0.1 s,8.6250,43.9380
P,theta=0.1 s,8.6375,43.9380
P,theta=0.1 s,8.6500,43.9380
P,theta=0.1 s,8.6625,43.9380
P,theta=0.1 s,8.6750,43.9380
P,theta=0.1 s,8.6875,43.9380
P,theta=0.1 s,8.7000,43.9380
P,theta=0.1 s,8.7125,43.9120
P,theta=0.1 s,8.7250,43.9120
P,theta=0.1 s,8.7375,43.9380
P,theta=0.1 s,8.7625,43.8860
P,theta=0.1 s,8.7750,43.8860
P,theta=0.1 s,8.7875,43.8860
P,theta=0.1 s,8.8000,43.8860
P,theta=0.1 s,8.8125,43.8860
P,theta=0.1 s,8.8250,43.8600
P,theta=0.1 s,8.8375,43.7820
P,theta=0.1 s,8.8500,43.8340
P,theta=0.1 s,8.9125,43.1839
P,theta=0.1 s,8.9250,43.0539
P,theta=0.1 s,8.9375,42.6638
P,theta=0.1 s,8.9500,42.1958
P,theta=0.1 s,8.9625,41.9357
P,theta=0.1 s,8.9750,40.7656
P,theta=0.1 s,8.9875,40.4535
P,theta=0.1 s,9.0000,39.0493
P,theta=0.1 s,9.0125,38.5292
P,theta=0.1 s,9.0250,37.3071
P,theta=0.1 s,9.0375,36.6050
P,theta=0.1 s,9.0500,36.1889
P,theta=0.1 s,9.0750,35.3048
P,theta=0.1 s,9.0875,35.1227
P,theta=0.1 s,9.1000,34.8627
P,theta=0.1 s,9.1125,34.8627
P,theta=0.1 s,9.1500,34.7067
P,theta=0.1 s,9.1625,34.7327
P,theta=0.1 s,9.2000,34.6807
P,theta=0.1 s,9.2125,34.6547
P,theta=0.1 s,9.2625,34.6547
P,theta=0.1 s,9.2750,34.6807
P,theta=0.1 s,9.4000,34.7327
P,theta=0.1 s,9.4375,34.6547
P,theta=0.1 s,9.4500,34.6547
P,theta=0.1 s,9.4875,34.7327
P,theta=0.1 s,9.5000,34.6807
P,theta=0.1 s,9.5125,34.6547
P,theta=0.1 s,9.5625,34.6547
P,theta=0.1 s,9.5750,34.7327
P,theta=0.1 s,9.6125,34.6547
P,theta=0.1 s,9.6250,34.6807
P,theta=0.1 s,9.6750,34.6547
P,theta=0.1 s,9.6875,34.6547
P,theta=0.1 s,9.7250,34.7327
P,theta=0.1 s,9.7375,34.6547
P,theta=0.1 s,9.8125,34.7327
P,theta=0.1 s,9.9000,34.7327
P,theta=0.1 s,9.9125,34.6807
P,theta=0.1 s,9.9250,34.6547
P,theta=0.1 s,9.9750,34.6807
P,theta=0.1 s,9.9875,34.7327
P,theta=0.1 s,10.0250,34.6547
P,theta=0.1 s,10.0375,34.6547
P,theta=0.1 s,10.0875,34.6547
P,theta=0.1 s,10.1000,34.6547
P,theta=0.1 s,10.1375,34.7327
P,theta=0.1 s,10.1500,34.6547
P,theta=0.1 s,10.1625,34.6547
P,theta=0.1 s,10.2000,34.6547
P,theta=0.1 s,10.2125,34.6547
P,theta=0.1 s,10.2250,34.7327
P,theta=0.1 s,10.3375,34.6807
P,theta=0.1 s,10.3875,34.6807
P,theta=0.1 s,10.4375,34.6547
P,theta=0.1 s,10.4500,34.6807
P,theta=0.1 s,10.5000,34.6547
P,theta=0.1 s,10.5125,34.6547
P,theta=0.1 s,10.5500,34.7327
P,theta=0.1 s,10.5625,34.6807
P,theta=0.1 s,10.5750,34.6547
P,theta=0.1 s,10.6125,34.6547
P,theta=0.1 s,10.6250,34.6547
P,theta=0.1 s,10.6375,34.7327
P,theta=0.1 s,10.6750,34.6547
P,theta=0.1 s,10.8500,34.6547
P,theta=0.1 s,10.8625,34.6807
P,theta=0.1 s,10.9125,34.6547
P,theta=0.1 s,10.9250,34.6547
P,theta=0.1 s,10.9625,34.7327
P,theta=0.1 s,10.9750,34.6547
P,theta=0.1 s,10.9875,34.6547
P,theta=0.1 s,11.0375,34.6807
P,theta=0.1 s,11.0500,34.7327
P,theta=0.1 s,11.0875,34.6547
P,theta=0.1 s,11.1000,34.6547
P,theta=0.1 s,11.1500,34.6547
P,theta=0.1 s,11.3250,34.6547
P,theta=0.1 s,11.3375,34.6547
P,theta=0.1 s,11.3750,34.7327
P,theta=0.1 s,11.3875,34.6807
P,theta=0.1 s,11.4000,34.6547
P,theta=0.1 s,11.4500,34.6807
P,theta=0.1 s,11.4625,34.7327
P,theta=0.1 s,11.5000,34.6547
P,theta=0.1 s,11.5125,34.6807
P,theta=0.1 s,11.5625,34.6547
P,theta=0.1 s,11.5750,34.6547
P,theta=0.1 s,11.6125,34.7327
P,theta=0.1 s,11.6250,34.6547
P,theta=0.1 s,11.7500,34.6547
P,theta=0.1 s,11.7875,34.7327
P,theta=0.1 s,11.8000,34.6807
P,theta=0.1 s,11.8125,34.6547
P,theta=0.1 s,11.8625,34.6807
P,theta=0.1 s,11.8750,34.7327
P,theta=1 s,0.3625,64.3509
P,theta=1 s,0.4125,64.3509
P,theta=1 s,0.4250,64.3509
P,theta=1 s,0.4750,64.3509
P,theta=1 s,0.4875,64.3509
P,theta=1 s,0.5250,64.3509
P,theta=1 s,0.5375,64.3509
P,theta=1 s,0.5500,64.3509
P,theta=1 s,0.5750,64.3509
P,theta=1 s,0.5875,64.3509
P,theta=1 s,0.6000,64.3509
P,theta=1 s,0.6125,64.3509
P,theta=1 s,0.6375,64.3509
P,theta=1 s,0.6500,64.3509
P,theta=1 s,0.6625,64.3509
P,theta=1 s,0.6750,64.3509
P,theta=1 s,0.7000,64.3509
P,theta=1 s,0.7125,64.3770
P,theta=1 s,0.7250,64.3770
P,theta=1 s,0.7625,64.3770
P,theta=1 s,0.7750,64.3770
P,theta=1 s,0.7875,64.3509
P,theta=1 s,0.8125,64.3509
P,theta=1 s,0.8250,64.3770
P,theta=1 s,0.8375,64.3509
P,theta=1 s,0.8875,64.3509
P,theta=1 s,0.9000,64.3509
P,theta=1 s,0.9375,64.3509
P,theta=1 s,0.9500,64.3509
P,theta=1 s,0.9625,64.3509
P,theta=1 s,0.9875,64.3509
P,theta=1 s,1.0000,64.3509
P,theta=1 s,1.0125,64.3509
P,theta=1 s,1.0250,64.3509
P,theta=1 s,1.0500,64.3509
P,theta=1 s,1.0625,64.3509
P,theta=1 s,1.0750,64.3509
P,theta=1 s,1.0875,64.3509
P,theta=1 s,1.1125,64.3509
P,theta=1 s,1.1250,64.3509
P,theta=1 s,1.1375,64.3509
P,theta=1 s,1.1750,64.3509
P,theta=1 s,1.1875,64.3770
P,theta=1 s,1.2000,64.3770
P,theta=1 s,1.2250,64.3509
P,theta=1 s,1.2375,64.3770
P,theta=1 s,1.2500,64.3770
P,theta=1 s,1.2625,64.3509
P,theta=1 s,1.2875,64.3509
P,theta=1 s,1.3000,64.3509
P,theta=1 s,1.3125,64.3509
P,theta=1 s,1.3500,64.3509
P,theta=1 s,1.3625,64.3509
P,theta=1 s,1.3750,64.3509
P,theta=1 s,1.4125,64.3509
P,theta=1 s,1.4250,64.3509
P,theta=1 s,1.4375,64.3509
P,theta=1 s,1.4625,64.3509
P,theta=1 s,1.4750,64.3509
P,theta=1 s,1.4875,64.3509
P,theta=1 s,1.5000,64.3509
P,theta=1 s,1.5250,64.3509
P,theta=1 s,1.5375,64.3509
P,theta=1 s,1.5500,64.3509
P,theta=1 s,1.5875,64.3509
P,theta=1 s,1.6000,64.3509
P,theta=1 s,1.6125,64.3509
P,theta=1 s,1.6375,64.3509
P,theta=1 s,1.6500,64.3770
P,theta=1 s,1.6625,64.3770
P,theta=1 s,1.6750,64.3509
P,theta=1 s,1.7000,64.3509
P,theta=1 s,1.7125,64.3770
P,theta=1 s,1.7250,64.3770
P,theta=1 s,1.7625,64.3770
P,theta=1 s,1.7750,64.3509
P,theta=1 s,1.7875,64.3509
P,theta=1 s,1.8250,64.3509
P,theta=1 s,1.8375,64.3509
P,theta=1 s,1.8875,64.3509
P,theta=1 s,1.9000,64.3509
P,theta=1 s,1.9125,64.3509
P,theta=1 s,1.9375,64.3509
P,theta=1 s,1.9500,64.3509
P,theta=1 s,1.9625,64.3509
P,theta=1 s,2.0000,64.3509
P,theta=1 s,2.0125,64.3509
P,theta=1 s,2.0250,64.3509
P,theta=1 s,2.0500,64.3509
P,theta=1 s,2.0625,64.3509
P,theta=1 s,2.0750,64.3509
P,theta=1 s,2.0875,64.3509
P,theta=1 s,2.1125,64.3509
P,theta=1 s,2.1250,64.3770
P,theta=1 s,2.1375,64.3770
P,theta=1 s,2.1750,64.3509
P,theta=1 s,2.1875,64.3509
P,theta=1 s,2.2000,64.3509
P,theta=1 s,2.2250,64.3249
P,theta=1 s,2.2375,64.3249
P,theta=1 s,2.2500,64.3249
P,theta=1 s,2.2625,64.3249
P,theta=1 s,2.2875,64.1949
P,theta=1 s,2.3000,64.2209
P,theta=1 s,2.3125,64.0129
P,theta=1 s,2.3250,63.9609
P,theta=1 s,2.3375,63.8049
P,theta=1 s,2.3500,63.6228
P,theta=1 s,2.3625,63.4668
P,theta=1 s,2.3750,63.2328
P,theta=1 s,2.3875,62.8687
P,theta=1 s,2.4000,62.6087
P,theta=1 s,2.4125,62.2706
P,theta=1 s,2.4250,61.8026
P,theta=1 s,2.4375,61.5425
P,theta=1 s,2.4500,61.1265
P,theta=1 s,2.4625,60.7884
P,theta=1 s,2.4750,60.3204
P,theta=1 s,2.4875,59.8523
P,theta=1 s,2.5000,59.5143
P,theta=1 s,2.5125,59.1762
P,theta=1 s,2.5250,58.7861
P,theta=1 s,2.5375,58.5261
P,theta=1 s,2.5500,57.9800
P,theta=1 s,2.5625,57.8760
P,theta=1 s,2.5750,57.4079
P,theta=1 s,2.5875,57.1999
P,theta=1 s,2.6000,56.7318
P,theta=1 s,2.6125,56.4978
P,theta=1 s,2.6250,56.1078
P,theta=1 s,2.6375,55.8737
P,theta=1 s,2.6500,55.5357
P,theta=1 s,2.6625,55.2496
P,theta=1 s,2.6750,55.0676
P,theta=1 s,2.6875,54.7556
P,theta=1 s,2.7000,54.5215
P,theta=1 s,2.7125,54.3135
P,theta=1 s,2.7250,54.0275
P,theta=1 s,2.7375,53.7934
P,theta=1 s,2.7500,53.4034
P,theta=1 s,2.7625,53.2213
P,theta=1 s,2.7750,52.9873
P,theta=1 s,2.7875,52.7533
P,theta=1 s,2.8000,52.5973
P,theta=1 s,2.8125,52.2072
P,theta=1 s,2.8250,52.1032
P,theta=1 s,2.8375,51.9212
P,theta=1 s,2.8500,51.6871
P,theta=1 s,2.8625,51.4531
P,theta=1 s,2.8750,51.3231
P,theta=1 s,2.8875,51.0890
P,theta=1 s,2.9000,50.8290
P,theta=1 s,2.9125,50.5950
P,theta=1 s,2.9250,50.4389
P,theta=1 s,2.9375,50.2569
P,theta=1 s,2.9500,50.0489
P,theta=1 s,2.9625,49.8929
P,theta=1 s,2.9750,49.6588
P,theta=1 s,2.9875,49.4248
P,theta=1 s,3.0000,49.2948
P,theta=1 s,3.0125,49.0867
P,theta=1 s,3.0250,48.8787
P,theta=1 s,3.0375,48.7747
P,theta=1 s,3.0500,48.5667
P,theta=1 s,3.0625,48.3846
P,theta=1 s,3.0750,48.2286
P,theta=1 s,3.0875,47.9426
P,theta=1 s,3.1000,47.8906
P,theta=1 s,3.1125,47.7606
P,theta=1 s,3.1250,47.4745
P,theta=1 s,3.1375,47.3965
P,theta=1 s,3.1500,47.2145
P,theta=1 s,3.1625,47.0845
P,theta=1 s,3.1750,46.9284
P,theta=1 s,3.1875,46.7464
P,theta=1 s,3.2000,46.6944
P,theta=1 s,3.2125,46.4864
P,theta=1 s,3.2250,46.3824
P,theta=1 s,3.2375,46.2783
P,theta=1 s,3.2500,46.0703
P,theta=1 s,3.2625,46.0703
P,theta=1 s,3.2750,45.8363
P,theta=1 s,3.2875,45.7843
P,theta=1 s,3.3000,45.6022
P,theta=1 s,3.3125,45.5762
P,theta=1 s,3.3250,45.3682
P,theta=1 s,3.3375,45.3942
P,theta=1 s,3.3500,45.1862
P,theta=1 s,3.3625,45.1862
P,theta=1 s,3.3750,45.1342
P,theta=1 s,3.3875,44.9261
P,theta=1 s,3.4000,44.9522
P,theta=1 s,3.4125,44.7701
P,theta=1 s,3.4250,44.7701
P,theta=1 s,3.4375,44.7441
P,theta=1 s,3.4500,44.5621
P,theta=1 s,3.4625,44.5881
P,theta=1 s,3.4750,44.5881
P,theta=1 s,3.5000,44.4321
P,theta=1 s,3.5125,44.4061
P,theta=1 s,3.5250,44.4321
P,theta=1 s,3.5500,44.3021
P,theta=1 s,3.5625,44.3021
P,theta=1 s,3.5750,44.3021
P,theta=1 s,3.6125,44.2501
P,theta=1 s,3.6250,44.2240
P,theta=1 s,3.6375,44.2501
P,theta=1 s,3.6750,44.1980
P,theta=1 s,3.6875,44.1720
P,theta=1 s,3.7250,44.1720
P,theta=1 s,3.7375,44.1720
P,theta=1 s,3.7500,44.1720
P,theta=1 s,3.7875,44.1460
P,theta=1 s,3.8000,44.1460
P,theta=1 s,3.8125,44.1980
P,theta=1 s,3.8500,44.1200
P,theta=1 s,3.8625,44.1200
P,theta=1 s,3.9000,44.1200
P,theta=1 s,3.9125,44.1200
P,theta=1 s,3.9250,44.1200
P,theta=1 s,3.9625,44.1200
P,theta=1 s,3.9750,44.1200
P,theta=1 s,3.9875,44.1200
P,theta=1 s,4.0250,44.0940
P,theta=1 s,4.0375,44.0940
P,theta=1 s,4.0750,44.0420
P,theta=1 s,4.0875,44.0940
P,theta=1 s,4.1000,44.0940
P,theta=1 s,4.1375,44.0940
P,theta=1 s,4.1500,44.0680
P,theta=1 s,4.1625,44.0680
P,theta=1 s,4.2000,44.0680
P,theta=1 s,4.2125,44.0680
P,theta=1 s,4.2625,44.0680
P,theta=1 s,4.2750,44.0680
P,theta=1 s,4.3125,44.0680
P,theta=1 s,4.3250,44.0680
P,theta=1 s,4.3375,44.0680
P,theta=1 s,4.3750,44.0680
P,theta=1 s,4.3875,44.0680
P,theta=1 s,4.4000,44.0680
P,theta=1 s,4.4375,44.0420
P,theta=1 s,4.4500,44.0420
P,theta=1 s,4.5000,44.0420
P,theta=1 s,4.5125,44.0420
P,theta=1 s,4.5500,44.0420
P,theta=1 s,4.5625,44.0420
P,theta=1 s,4.5750,44.0420
P,theta=1 s,4.6125,44.0160
P,theta=1 s,4.6250,44.0160
P,theta=1 s,4.6750,44.0160
P,theta=1 s,4.6875,44.0160
P,theta=1 s,4.7250,44.0160
P,theta=1 s,4.7375,44.0160
P,theta=1 s,4.7500,44.0160
P,theta=1 s,4.7875,44.0160
P,theta=1 s,4.8000,44.0160
P,theta=1 s,4.8125,44.0160
P,theta=1 s,4.8500,44.0160
P,theta=1 s,4.8625,44.0160
P,theta=1 s,4.9125,44.0160
P,theta=1 s,4.9250,44.0160
P,theta=1 s,4.9625,43.9900
P,theta=1 s,4.9750,43.9900
P,theta=1 s,4.9875,43.9900
P,theta=1 s,5.0250,43.9900
P,theta=1 s,5.0375,43.9900
P,theta=1 s,5.0875,43.9900
P,theta=1 s,5.1000,43.9640
P,theta=1 s,5.1375,43.9640
P,theta=1 s,5.1500,43.9640
P,theta=1 s,5.1625,43.9640
P,theta=1 s,5.2000,43.9640
P,theta=1 s,5.2125,43.9640
P,theta=1 s,5.2250,43.9640
P,theta=1 s,5.2625,43.9640
P,theta=1 s,5.2750,43.9640
P,theta=1 s,5.3250,43.9640
P,theta=1 s,5.3375,43.9640
P,theta=1 s,5.3750,43.9640
P,theta=1 s,5.3875,43.9640
P,theta=1 s,5.4000,43.9640
P,theta=1 s,5.4375,43.9640
P,theta=1 s,5.4500,43.9640
P,theta=1 s,5.5000,43.9640
P,theta=1 s,5.5125,43.9640
P,theta=1 s,5.5500,43.9380
P,theta=1 s,5.5625,43.9380
P,theta=1 s,5.5750,43.9380
P,theta=1 s,5.6125,43.9380
P,theta=1 s,5.6250,43.9380
P,theta=1 s,5.6375,43.9640
P,theta=1 s,5.6750,43.9380
P,theta=1 s,5.6875,43.9380
P,theta=1 s,5.7250,43.8860
P,theta=1 s,5.7375,43.9120
P,theta=1 s,5.7500,43.9120
P,theta=1 s,5.7875,43.9120
P,theta=1 s,5.8000,43.9120
P,theta=1 s,5.8125,43.9120
P,theta=1 s,5.8500,43.9120
P,theta=1 s,5.8625,43.9120
P,theta=1 s,5.9125,43.9120
P,theta=1 s,5.9250,43.9120
P,theta=1 s,5.9625,43.9120
P,theta=1 s,5.9750,43.9120
P,theta=1 s,5.9875,43.9120
P,theta=1 s,6.0250,43.9120
P,theta=1 s,6.0375,43.9120
P,theta=1 s,6.0875,43.9120
P,theta=1 s,6.1000,43.9120
P,theta=1 s,6.1500,43.9120
P,theta=1 s,6.1625,43.9120
P,theta=1 s,6.2000,43.8860
P,theta=1 s,6.2125,43.8860
P,theta=1 s,6.2250,43.8860
P,theta=1 s,6.2625,43.8860
P,theta=1 s,6.2750,43.8860
P,theta=1 s,6.3250,43.8860
P,theta=1 s,6.3375,43.8860
P,theta=1 s,6.3750,43.8600
P,theta=1 s,6.3875,43.8600
P,theta=1 s,6.4000,43.8600
P,theta=1 s,6.4375,43.8600
P,theta=1 s,6.4500,43.8600
P,theta=1 s,6.5000,43.8600
P,theta=1 s,6.5125,43.8600
P,theta=1 s,6.5625,43.8600
P,theta=1 s,6.5750,43.8600
P,theta=1 s,6.6125,43.8600
P,theta=1 s,6.6250,43.8600
P,theta=1 s,6.6375,43.8600
P,theta=1 s,6.6750,43.8600
P,theta=1 s,6.6875,43.8600
P,theta=1 s,6.7375,43.8600
P,theta=1 s,6.7500,43.8600
P,theta=1 s,6.7875,43.8600
P,theta=1 s,6.8000,43.8600
P,theta=1 s,6.8125,43.8600
P,theta=1 s,6.8500,43.8600
P,theta=1 s,6.8625,43.8600
P,theta=1 s,6.9125,43.8600
P,theta=1 s,6.9250,43.8600
P,theta=1 s,6.9625,43.8340
P,theta=1 s,6.9750,43.8340
P,theta=1 s,6.9875,43.8340
P,theta=1 s,7.0250,43.8340
P,theta=1 s,7.0375,43.8340
P,theta=1 s,7.0500,43.8340
P,theta=1 s,7.0875,43.8340
P,theta=1 s,7.1000,43.8340
P,theta=1 s,7.1500,43.8340
P,theta=1 s,7.1625,43.8340
P,theta=1 s,7.2000,43.8340
P,theta=1 s,7.2125,43.8340
P,theta=1 s,7.2250,43.8340
P,theta=1 s,7.2625,43.8340
P,theta=1 s,7.2750,43.8340
P,theta=1 s,7.3250,43.8080
P,theta=1 s,7.3375,43.8080
P,theta=1 s,7.3875,43.8080
P,theta=1 s,7.4000,43.8080
P,theta=1 s,7.4375,43.8340
P,theta=1 s,7.4500,43.8080
P,theta=1 s,7.4625,43.8080
P,theta=1 s,7.5000,43.8080
P,theta=1 s,7.5125,43.8080
P,theta=1 s,7.5625,43.8080
P,theta=1 s,7.5750,43.8080
P,theta=1 s,7.6125,43.8080
P,theta=1 s,7.6250,43.8080
P,theta=1 s,7.6375,43.8080
P,theta=1 s,7.6750,43.8080
P,theta=1 s,7.6875,43.8080
P,theta=1 s,7.7375,43.8080
P,theta=1 s,7.7500,43.8080
P,theta=1 s,7.8000,43.8080
P,theta=1 s,7.8125,43.8080
P,theta=1 s,7.8500,43.8080
P,theta=1 s,7.8625,43.8080
P,theta=1 s,7.8750,43.8080
P,theta=1 s,7.9125,43.8080
P,theta=1 s,7.9250,43.8080
P,theta=1 s,7.9750,43.8080
P,theta=1 s,7.9875,43.8080
P,theta=1 s,8.0250,43.8080
P,theta=1 s,8.0375,43.8080
P,theta=1 s,8.0500,43.8080
P,theta=1 s,8.0875,43.8080
P,theta=1 s,8.1000,43.8080
P,theta=1 s,8.1500,43.8080
P,theta=1 s,8.1625,43.8080
P,theta=1 s,8.2125,43.8080
P,theta=1 s,8.2250,43.8080
P,theta=1 s,8.2625,43.8080
P,theta=1 s,8.2750,43.8080
P,theta=1 s,8.2875,43.8080
P,theta=1 s,8.3250,43.8080
P,theta=1 s,8.3375,43.8080
P,theta=1 s,8.3875,43.8080
P,theta=1 s,8.4000,43.8080
P,theta=1 s,8.4375,43.8080
P,theta=1 s,8.4500,43.8080
P,theta=1 s,8.4625,43.8080
P,theta=1 s,8.5000,43.8080
P,theta=1 s,8.5125,43.8080
P,theta=1 s,8.5625,43.8080
P,theta=1 s,8.5750,43.8080
P,theta=1 s,8.6250,43.8080
P,theta=1 s,8.6375,43.8080
P,theta=1 s,8.6750,43.8340
P,theta=1 s,8.6875,43.8340
P,theta=1 s,8.7000,43.8340
P,theta=1 s,8.7375,43.8340
P,theta=1 s,8.7500,43.8340
P,theta=1 s,8.7625,43.8860
P,theta=1 s,8.7875,43.7820
P,theta=1 s,8.8000,43.8340
P,theta=1 s,8.8125,43.8340
P,theta=1 s,8.8250,43.8340
P,theta=1 s,8.8500,43.7300
P,theta=1 s,8.8625,43.7300
P,theta=1 s,8.8750,43.6260
P,theta=1 s,8.8875,43.5219
P,theta=1 s,8.9000,43.4699
P,theta=1 s,8.9125,43.1579
P,theta=1 s,8.9250,43.0279
P,theta=1 s,8.9375,42.5858
P,theta=1 s,8.9500,42.2738
P,theta=1 s,8.9625,41.5717
P,theta=1 s,8.9750,40.8956
P,theta=1 s,8.9875,40.0895
P,theta=1 s,9.0000,39.1793
P,theta=1 s,9.0125,38.4252
P,theta=1 s,9.0250,37.4631
P,theta=1 s,9.0375,36.8650
P,theta=1 s,9.0500,36.1889
P,theta=1 s,9.0625,35.7468
P,theta=1 s,9.0750,35.4348
P,theta=1 s,9.0875,35.1227
P,theta=1 s,9.1000,34.9927
P,theta=1 s,9.1125,34.8887
P,theta=1 s,9.1250,34.7847
P,theta=1 s,9.1375,34.7587
P,theta=1 s,9.1625,34.6807
P,theta=1 s,9.1750,34.6807
P,theta=1 s,9.1875,34.6807
P,theta=1 s,9.2000,34.7067
P,theta=1 s,9.2250,34.6807
P,theta=1 s,9.2375,34.6807
P,theta=1 s,9.2500,34.6547
P,theta=1 s,9.2875,34.6547
P,theta=1 s,9.3000,34.6547
P,theta=1 s,9.3125,34.6287
P,theta=1 s,9.3500,34.6547
P,theta=1 s,9.3625,34.6547
P,theta=1 s,9.4000,34.6547
P,theta=1 s,9.4125,34.6547
P,theta=1 s,9.4250,34.6547
P,theta=1 s,9.4625,34.6547
P,theta=1 s,9.4750,34.6547
P,theta=1 s,9.4875,34.6807
P,theta=1 s,9.5125,34.6807
P,theta=1 s,9.5250,34.6547
P,theta=1 s,9.5375,34.6547
P,theta=1 s,9.5500,34.6547
P,theta=1 s,9.5750,34.6547
P,theta=1 s,9.5875,34.6807
P,theta=1 s,9.6000,34.6807
P,theta=1 s,9.6125,34.6547
P,theta=1 s,9.6375,34.6807
P,theta=1 s,9.6500,34.6807
P,theta=1 s,9.6625,34.6807
P,theta=1 s,9.7000,34.6547
P,theta=1 s,9.7125,34.6547
P,theta=1 s,9.7250,34.6547
P,theta=1 s,9.7625,34.6547
P,theta=1 s,9.7750,34.6547
P,theta=1 s,9.8250,34.6547
P,theta=1 s,9.8375,34.6547
P,theta=1 s,9.8750,34.6547
P,theta=1 s,9.8875,34.6547
P,theta=1 s,9.9000,34.6807
P,theta=1 s,9.9250,34.6807
P,theta=1 s,9.9375,34.6547
P,theta=1 s,9.9500,34.6547
P,theta=1 s,9.9625,34.6547
P,theta=1 s,9.9875,34.6547
P,theta=1 s,10.0000,34.6547
P,theta=1 s,10.0125,34.6547
P,theta=1 s,10.0250,34.6807
P,theta=1 s,10.0500,34.6807
P,theta=1 s,10.0625,34.6807
P,theta=1 s,10.0750,34.6807
P,theta=1 s,10.1125,34.6807
P,theta=1 s,10.1250,34.6807
P,theta=1 s,10.1375,34.6807
P,theta=1 s,10.1625,34.6807
P,theta=1 s,10.1750,34.6547
P,theta=1 s,10.1875,34.6547
P,theta=1 s,10.2000,34.6807
P,theta=1 s,10.2250,34.6287
P,theta=1 s,10.2375,34.6547
P,theta=1 s,10.2500,34.6547
P,theta=1 s,10.2875,34.6547
P,theta=1 s,10.3000,34.6547
P,theta=1 s,10.3125,34.6547
P,theta=1 s,10.3375,34.6807
P,theta=1 s,10.3500,34.6547
P,theta=1 s,10.3625,34.6547
P,theta=1 s,10.3750,34.6547
P,theta=1 s,10.4000,34.6547
P,theta=1 s,10.4125,34.6547
P,theta=1 s,10.4250,34.6547
P,theta=1 s,10.4375,34.6807
P,theta=1 s,10.4625,34.6547
P,theta=1 s,10.4750,34.6547
P,theta=1 s,10.4875,34.6547
P,theta=1 s,10.5250,34.6807
P,theta=1 s,10.5375,34.6807
P,theta=1 s,10.5500,34.6807
P,theta=1 s,10.5750,34.6547
P,theta=1 s,10.5875,34.6807
P,theta=1 s,10.6000,34.6807
P,theta=1 s,10.6125,34.6807
P,theta=1 s,10.6375,34.6547
P,theta=1 s,10.6500,34.6547
P,theta=1 s,10.6625,34.6547
P,theta=1 s,10.7000,34.6547
P,theta=1 s,10.7125,34.6547
P,theta=1 s,10.7250,34.6547
P,theta=1 s,10.7625,34.6547
P,theta=1 s,10.7750,34.6547
P,theta=1 s,10.7875,34.6287
P,theta=1 s,10.8125,34.6547
P,theta=1 s,10.8250,34.6547
P,theta=1 s,10.8375,34.6547
P,theta=1 s,10.8500,34.6807
P,theta=1 s,10.8750,34.6547
P,theta=1 s,10.8875,34.6547
P,theta=1 s,10.9000,34.6547
P,theta=1 s,10.9375,34.6547
P,theta=1 s,10.9500,34.6547
P,theta=1 s,10.9625,34.6807
P,theta=1 s,10.9875,34.6547
P,theta=1 s,11.0000,34.6807
P,theta=1 s,11.0125,34.6807
P,theta=1 s,11.0250,34.6547
P,theta=1 s,11.0500,34.6547
P,theta=1 s,11.0625,34.6807
P,theta=1 s,11.0750,34.6807
P,theta=1 s,11.1125,34.6547
P,theta=1 s,11.1250,34.6547
P,theta=1 s,11.1375,34.6547
P,theta=1 s,11.1750,34.6547
P,theta=1 s,11.1875,34.6547
P,theta=1 s,11.2000,34.6287
P,theta=1 s,11.2375,34.6547
P,theta=1 s,11.2500,34.6547
P,theta=1 s,11.2875,34.6547
P,theta=1 s,11.3000,34.6547
P,theta=1 s,11.3125,34.6547
P,theta=1 s,11.3500,34.6547
P,theta=1 s,11.3625,34.6547
P,theta=1 s,11.3750,34.6807
P,theta=1 s,11.4000,34.6807
P,theta=1 s,11.4125,34.6547
P,theta=1 s,11.4250,34.6547
P,theta=1 s,11.4375,34.6547
P,theta=1 s,11.4625,34.6547
P,theta=1 s,11.4750,34.6807
P,theta=1 s,11.4875,34.6807
P,theta=1 s,11.5250,34.6807
P,theta=1 s,11.5375,34.6807
P,theta=1 s,11.5500,34.6547
P,theta=1 s,11.5875,34.6547
P,theta=1 s,11.6000,34.6547
P,theta=1 s,11.6125,34.6547
P,theta=1 s,11.6500,34.6547
P,theta=1 s,11.6625,34.6547
P,theta=1 s,11.7000,34.6547
P,theta=1 s,11.7125,34.6547
P,theta=1 s,11.7250,34.6547
P,theta=1 s,11.7625,34.6547
P,theta=1 s,11.7750,34.6547
P,theta=1 s,11.7875,34.6807
P,theta=1 s,11.8125,34.6807
P,theta=1 s,11.8250,34.6547
P,theta=1 s,11.8375,34.6547
P,theta=1 s,11.8500,34.6547
P,theta=1 s,11.8750,34.6547
P,theta=1 s,11.8875,34.6547
P,HEM,2.3125,64.4290
P,HEM,2.6000,64.3770
P,HEM,2.6125,64.3770
P,HEM,2.6500,64.3770
P,HEM,2.6625,64.3770
P,HEM,2.6750,64.3770
P,HEM,2.7125,64.4290
P,HEM,2.7250,64.4290
P,HEM,2.7625,64.3770
P,HEM,2.7750,64.3770
P,HEM,2.7875,64.3770
P,HEM,3.0625,64.3509
P,HEM,3.0750,64.3770
P,HEM,3.0875,64.3509
P,HEM,3.1250,64.3770
P,HEM,3.1375,64.3770
P,HEM,3.1750,64.3770
P,HEM,3.1875,64.3770
P,HEM,3.2000,64.3770
P,HEM,3.2375,64.3770
P,HEM,3.2500,64.3770
P,HEM,3.2625,64.3770
P,HEM,3.3750,64.4290
P,HEM,3.4125,64.4290
P,HEM,3.4250,64.4290
P,HEM,3.4375,64.4290
P,HEM,3.4750,64.4290
P,HEM,3.4875,64.4030
P,HEM,3.5375,64.3770
P,HEM,3.5500,64.3770
P,HEM,3.5875,64.3509
P,HEM,3.6000,64.3509
P,HEM,3.6125,64.3509
P,HEM,3.6500,64.3249
P,HEM,3.6625,64.3249
P,HEM,3.6750,64.3249
P,HEM,3.7000,64.2209
P,HEM,3.7125,64.2729
P,HEM,3.7250,64.2209
P,HEM,3.7375,64.2729
P,HEM,3.7500,64.1169
P,HEM,3.7625,64.1169
P,HEM,3.7750,64.1169
P,HEM,3.7875,63.9349
P,HEM,3.8000,63.9089
P,HEM,3.8125,63.9349
P,HEM,3.8250,63.7529
P,HEM,3.8375,63.7269
P,HEM,3.8500,63.6228
P,HEM,3.8625,63.4928
P,HEM,3.8750,63.3888
P,HEM,3.8875,63.2588
P,HEM,3.9000,63.0768
P,HEM,3.9125,63.0248
P,HEM,3.9250,62.8167
P,HEM,3.9375,62.6867
P,HEM,3.9500,62.4787
P,HEM,3.9625,62.3227
P,HEM,3.9750,62.1406
P,HEM,3.9875,61.9326
P,HEM,4.0000,61.7506
P,HEM,4.0125,61.5945
P,HEM,4.0250,61.2825
P,HEM,4.0375,61.1265
P,HEM,4.0500,60.8924
P,HEM,4.0625,60.6584
P,HEM,4.0750,60.5544
P,HEM,4.0875,60.4244
P,HEM,4.1000,60.1903
P,HEM,4.1125,59.9823
P,HEM,4.1250,59.4622
P,HEM,4.1375,59.2282
P,HEM,4.1500,58.9942
P,HEM,4.1625,58.7341
P,HEM,4.1750,58.5521
P,HEM,4.1875,58.4221
P,HEM,4.2125,57.5120
P,HEM,4.2250,57.2779
P,HEM,4.2375,57.2519
P,HEM,4.2500,56.7839
P,HEM,4.2625,56.5498
P,HEM,4.2750,56.3158
P,HEM,4.2875,56.0558
P,HEM,4.3000,55.7697
P,HEM,4.3125,55.5097
P,HEM,4.3250,55.3797
P,HEM,4.3375,55.2236
P,HEM,4.3500,54.9896
P,HEM,4.3625,54.5735
P,HEM,4.3750,54.4695
P,HEM,4.3875,54.1315
P,HEM,4.4000,53.9234
P,HEM,4.4125,53.6634
P,HEM,4.4250,53.4814
P,HEM,4.4375,53.2994
P,HEM,4.4500,52.9873
P,HEM,4.4625,52.7533
P,HEM,4.4750,52.6493
P,HEM,4.4875,52.3892
P,HEM,4.5000,52.1032
P,HEM,4.5125,51.9212
P,HEM,4.5250,51.6871
P,HEM,4.5375,51.4531
P,HEM,4.5500,51.3231
P,HEM,4.5625,51.1410
P,HEM,4.5750,50.9850
P,HEM,4.5875,50.7250
P,HEM,4.6000,50.5170
P,HEM,4.6125,50.3869
P,HEM,4.6250,50.1789
P,HEM,4.6375,50.0489
P,HEM,4.6500,49.8669
P,HEM,4.6625,49.7888
P,HEM,4.6750,49.5028
P,HEM,4.6875,49.4248
P,HEM,4.7000,49.2428
P,HEM,4.7125,49.1128
P,HEM,4.7250,48.9827
P,HEM,4.7375,48.8267
P,HEM,4.7500,48.7747
P,HEM,4.7625,48.6447
P,HEM,4.7750,48.5667
P,HEM,4.7875,48.4367
P,HEM,4.8000,48.3326
P,HEM,4.8125,48.3326
P,HEM,4.8250,48.1246
P,HEM,4.8375,48.1246
P,HEM,4.8500,48.0986
P,HEM,4.8625,47.9426
P,HEM,4.8750,47.9426
P,HEM,4.8875,47.9426
P,HEM,4.9000,47.7866
P,HEM,4.9125,47.7866
P,HEM,4.9250,47.7866
P,HEM,4.9375,47.7866
P,HEM,4.9500,47.6305
P,HEM,4.9625,47.6825
P,HEM,4.9750,47.6565
P,HEM,5.0125,47.6045
P,HEM,5.0250,47.6045
P,HEM,5.0375,47.6045
P,HEM,5.0750,47.5785
P,HEM,5.0875,47.5785
P,HEM,5.1000,47.5785
P,HEM,5.1375,47.5265
P,HEM,5.3625,47.5785
P,HEM,5.3750,47.5785
P,HEM,5.3875,47.5785
P,HEM,5.4250,47.5785
P,HEM,5.4375,47.5785
P,HEM,5.4500,47.5785
P,HEM,5.4875,47.5785
P,HEM,5.5000,47.5785
P,HEM,5.5125,47.5525
P,HEM,5.5500,47.5785
P,HEM,5.5625,47.5785
P,HEM,5.8500,47.5785
P,HEM,5.8625,47.5785
P,HEM,5.9000,47.5785
P,HEM,5.9125,47.5785
P,HEM,5.9250,47.5785
P,HEM,6.0125,47.5785
P,HEM,6.0250,47.5785
P,HEM,6.0375,47.5785
P,HEM,6.3125,47.5785
P,HEM,6.3250,47.5785
P,HEM,6.3375,47.5785
P,HEM,6.3750,47.5785
P,HEM,6.3875,47.5785
P,HEM,6.4375,47.6305
P,HEM,6.4500,47.6305
P,HEM,6.4875,47.5785
P,HEM,6.5000,47.5785
P,HEM,6.5125,47.5785
P,HEM,6.9625,47.5785
P,HEM,6.9750,47.5785
P,HEM,7.2625,47.6305
P,HEM,7.2750,47.6305
P,HEM,7.3125,47.6305
P,HEM,7.3250,47.6305
P,HEM,7.3375,47.6305
P,HEM,7.3750,47.6305
P,HEM,7.3875,47.6305
P,HEM,7.4000,47.6305
P,HEM,7.4250,47.5785
P,HEM,7.4375,47.5785
P,HEM,7.4500,47.5785
P,HEM,7.7250,47.5785
P,HEM,7.7375,47.5785
P,HEM,7.7500,47.5785
P,HEM,7.7875,47.5785
P,HEM,7.8000,47.5785
P,HEM,7.8500,47.6305
P,HEM,7.8625,47.5785
P,HEM,7.9000,47.5785
P,HEM,7.9125,47.5785
P,HEM,7.9250,47.6305
P,HEM,8.1625,47.6045
P,HEM,8.2000,47.5785
P,HEM,8.2125,47.5785
P,HEM,8.2250,47.5785
P,HEM,8.2500,47.5785
P,HEM,8.2625,47.5785
P,HEM,8.2750,47.5785
P,HEM,8.3125,47.5785
P,HEM,8.3250,47.5785
P,HEM,8.3375,47.5785
P,HEM,8.3750,47.5785
P,HEM,8.3875,47.5785
P,HEM,8.6125,47.6305
P,HEM,8.6250,47.6305
P,HEM,8.6375,47.5525
P,HEM,8.6625,47.5525
P,HEM,8.6750,47.5785
P,HEM,8.6875,47.5785
P,HEM,8.7250,47.5525
P,HEM,8.7375,47.5265
P,HEM,8.7500,47.5265
P,HEM,8.7625,47.3185
P,HEM,8.7750,47.1105
P,HEM,8.7875,46.9024
P,HEM,8.8000,46.1223
P,HEM,8.8125,45.6022
P,HEM,8.8250,43.1579
P,HEM,8.8375,40.2715
P,HEM,8.8500,38.7373
P,HEM,8.8625,37.2550
P,HEM,8.8750,36.3189
P,HEM,8.8875,35.4608
P,HEM,8.9000,35.0707
P,HEM,8.9125,34.8627
P,HEM,8.9250,34.6807
P,HEM,8.9375,34.6807
P,HEM,8.9500,34.6547
P,HEM,9.1125,34.6287
P,HEM,9.1250,34.6287
